brand,category,age_months,original_price,condition_score,condition_label,ram_gb,storage_gb,has_original_box,num_repairs,resale_price
Asus,laptop,14,53200.0,10,poor,16,1024,0,0,39864.04
HP,laptop,18,61000.0,24,poor,32,256,1,1,42441.25
OnePlus,phone,56,65300.0,56,good,12,512,0,0,30137.43
Apple,laptop,55,89900.0,28,fair,32,512,1,0,41208.75
Apple,laptop,48,83300.0,30,fair,64,1024,1,0,42475.28
Asus,laptop,42,122300.0,45,fair,32,256,1,0,69399.95
Samsung,phone,52,20600.0,12,poor,8,128,1,0,9173.8
HP,laptop,50,78100.0,88,new,16,512,1,1,43621.71
HP,laptop,47,60600.0,94,new,4,512,1,0,37561.09
OnePlus,phone,53,64900.0,41,fair,32,256,1,0,30490.78
Dell,laptop,59,83600.0,28,fair,32,1024,0,0,33064.65
Apple,phone,19,98600.0,14,poor,6,128,1,0,66771.11
HP,laptop,48,94600.0,6,poor,16,1024,1,0,45039.46
Acer,laptop,46,84700.0,42,fair,16,1024,1,0,47072.89
OnePlus,phone,41,27600.0,89,new,8,256,1,2,17830.76
MSI,laptop,23,196900.0,45,fair,8,1024,1,1,138524.73
Acer,laptop,4,51500.0,71,excellent,64,256,0,1,48830.81
Apple,laptop,14,167000.0,94,new,32,256,1,0,153511.49
Apple,laptop,40,127000.0,74,excellent,32,256,1,0,84700.18
HP,laptop,26,109600.0,37,fair,16,1024,0,1,68051.73
Xiaomi,phone,20,24500.0,52,good,16,512,1,0,20048.53
Realme,phone,34,10100.0,69,excellent,6,256,1,0,7232.84
Apple,phone,59,112500.0,14,poor,6,256,1,0,45065.66
Xiaomi,phone,49,22800.0,25,poor,4,64,0,1,10270.19
Acer,laptop,20,74600.0,90,new,4,512,1,0,62749.46
Vivo,phone,53,38100.0,58,good,32,128,0,0,19237.41
Samsung,phone,55,55500.0,56,good,6,256,0,0,26681.49
Acer,laptop,7,68100.0,95,new,64,256,0,0,67258.29
MSI,laptop,4,107400.0,55,good,64,1024,1,0,104684.72
Asus,laptop,22,106100.0,42,fair,32,1024,1,0,82747.53
Realme,phone,6,14300.0,22,poor,16,256,1,0,12042.42
HP,laptop,6,102000.0,82,excellent,4,1024,0,0,99532.06
Apple,laptop,18,139700.0,29,fair,16,512,0,1,97250.49
MSI,laptop,23,135000.0,41,fair,8,1024,1,0,103933.94
Apple,phone,7,112800.0,43,fair,6,128,0,0,96043.99
MSI,laptop,60,125500.0,33,fair,16,1024,0,0,50357.18
Realme,phone,29,31500.0,80,excellent,4,64,1,0,24659.41
Apple,phone,51,140400.0,59,good,6,64,1,1,72644.19
OnePlus,phone,46,79200.0,61,good,32,64,1,0,47802.37
Dell,laptop,4,39900.0,23,poor,32,512,1,0,35367.65
Oppo,phone,58,16700.0,12,poor,12,64,1,1,6088.88
Xiaomi,phone,36,13400.0,67,excellent,4,256,1,1,8586.46
HP,laptop,29,57700.0,97,new,4,512,0,0,45720.88
Dell,laptop,55,110300.0,66,excellent,64,512,1,1,56346.75
Vivo,phone,29,31600.0,16,poor,8,512,1,1,18553.53
Dell,laptop,37,42500.0,82,excellent,32,512,0,1,26552.07
Acer,laptop,52,36800.0,11,poor,16,1024,0,0,14905.83
Xiaomi,phone,34,16700.0,97,new,12,128,1,0,13039.8
Apple,phone,25,127700.0,95,new,8,128,0,1,97599.31
Acer,laptop,19,65600.0,87,new,16,256,1,0,54663.13
MSI,laptop,52,127000.0,93,new,32,1024,1,0,74110.69
Asus,laptop,33,109200.0,86,new,64,512,0,0,80443.37
HP,laptop,5,82800.0,47,good,16,1024,1,1,73441.67
OnePlus,phone,9,58100.0,22,poor,6,256,0,0,45358.34
OnePlus,phone,26,39500.0,71,excellent,32,512,0,0,28176.33
Oppo,phone,25,20600.0,46,good,4,256,0,3,12310.04
Realme,phone,40,12600.0,12,poor,8,512,1,0,6936.45
Apple,laptop,53,191000.0,82,excellent,8,256,1,2,99080.85
Oppo,phone,6,34600.0,7,poor,32,512,0,0,28577.84
Dell,laptop,47,105700.0,45,fair,16,1024,0,0,58668.49
Realme,phone,37,16900.0,89,new,32,64,0,0,11814.47
OnePlus,phone,38,26600.0,43,fair,6,256,0,1,15200.94
Dell,laptop,3,85300.0,70,excellent,64,1024,1,2,77670.79
Vivo,phone,39,31300.0,65,good,6,128,1,1,18843.94
OnePlus,phone,30,69300.0,35,fair,16,512,1,0,46410.57
HP,laptop,34,88600.0,92,new,4,256,0,0,63877.39
Samsung,phone,18,49800.0,61,good,4,512,1,0,41501.57
HP,laptop,8,32400.0,43,fair,64,1024,0,1,25831.69
Apple,laptop,53,138700.0,88,new,32,256,0,1,73764.33
Dell,laptop,50,77100.0,91,new,64,256,1,0,46199.46
Lenovo,laptop,59,33300.0,60,good,32,256,0,0,15453.09
HP,laptop,22,56800.0,23,poor,8,512,1,0,40105.14
OnePlus,phone,19,32400.0,54,good,12,128,0,0,25785.44
Vivo,phone,50,13700.0,47,good,16,512,1,0,7256.15
Oppo,phone,4,18300.0,69,excellent,8,64,1,0,17903.87
MSI,laptop,54,78400.0,54,good,8,256,1,1,37761.85
Samsung,phone,41,96500.0,98,new,16,64,1,0,65875.9
Xiaomi,phone,7,12800.0,84,excellent,6,128,1,3,11145.47
Realme,phone,25,13800.0,81,excellent,4,128,1,3,9717.84
Lenovo,laptop,14,95600.0,55,good,16,1024,0,0,74418.55
Xiaomi,phone,56,37800.0,7,poor,4,64,0,1,13481.34
Dell,laptop,38,117900.0,52,good,8,512,1,0,74255.06
Xiaomi,phone,41,19900.0,50,good,12,64,1,0,12149.55
Samsung,phone,38,86700.0,70,excellent,4,256,1,0,56522.87
Oppo,phone,3,35300.0,61,good,12,512,0,1,34157.54
Realme,phone,14,17200.0,24,poor,4,128,0,0,13541.99
Apple,laptop,25,162400.0,7,poor,16,512,0,0,101467.78
Realme,phone,52,17000.0,54,good,12,256,1,1,8352.08
Apple,laptop,25,159800.0,8,poor,16,512,1,0,107527.32
Vivo,phone,34,24000.0,77,excellent,16,256,0,2,15359.83
Acer,laptop,52,68900.0,100,new,16,256,0,1,37972.84
Oppo,phone,2,21800.0,83,excellent,32,64,0,0,22185.53
Xiaomi,phone,1,33800.0,66,excellent,12,128,0,0,33922.46
Lenovo,laptop,14,58500.0,13,poor,4,512,1,0,42355.44
Samsung,phone,6,89800.0,97,new,16,64,1,0,93487.82
Acer,laptop,41,44400.0,68,excellent,64,256,1,0,27376.45
Apple,phone,59,108400.0,69,excellent,8,256,0,0,52040.28
OnePlus,phone,30,60900.0,73,excellent,12,64,0,1,41058.64
Dell,laptop,1,70300.0,10,poor,4,1024,1,1,62957.77
Lenovo,laptop,5,61100.0,11,poor,64,512,0,0,50652.79
Oppo,phone,44,15800.0,18,poor,6,256,1,0,8226.51
Asus,laptop,49,107600.0,75,excellent,16,256,0,0,61062.85
HP,laptop,8,105000.0,91,new,8,1024,0,0,97145.14
Dell,laptop,32,119600.0,38,fair,32,1024,0,0,73417.25
MSI,laptop,19,124200.0,26,fair,8,1024,0,0,85885.87
Oppo,phone,18,34700.0,5,poor,32,64,1,2,21626.46
Oppo,phone,16,13100.0,27,fair,6,256,0,0,9842.09
Vivo,phone,42,21400.0,83,excellent,4,512,0,0,14323.05
Dell,laptop,4,47500.0,5,poor,64,512,1,0,40141.34
MSI,laptop,37,176500.0,78,excellent,4,256,1,0,118825.72
MSI,laptop,19,131600.0,70,excellent,32,256,1,3,92772.23
Apple,phone,45,148100.0,83,excellent,8,256,1,0,90716.26
HP,laptop,55,109200.0,29,fair,8,1024,0,0,47873.04
Acer,laptop,25,89200.0,70,excellent,64,1024,1,0,72086.45
Samsung,phone,57,90900.0,29,fair,12,64,0,0,39417.92
Realme,phone,42,29300.0,76,excellent,6,512,1,0,20041.17
Lenovo,laptop,50,90200.0,26,fair,32,512,0,0,43118.53
Asus,laptop,18,63800.0,71,excellent,16,512,0,1,49691.6
Oppo,phone,8,44200.0,98,new,4,256,1,1,40903.85
MSI,laptop,49,99800.0,8,poor,64,1024,0,0,42009.08
Dell,laptop,19,92800.0,27,fair,4,256,0,2,58554.55
Vivo,phone,18,12300.0,85,excellent,16,128,0,0,9977.52
HP,laptop,29,50500.0,99,new,16,512,0,0,37634.07
MSI,laptop,4,189900.0,62,good,8,512,0,1,175324.58
Acer,laptop,14,62300.0,13,poor,32,1024,1,0,48082.21
Realme,phone,10,11000.0,48,good,12,128,0,3,8483.02
Vivo,phone,1,26500.0,56,good,16,256,0,1,24917.66
Acer,laptop,56,54800.0,83,excellent,4,512,0,0,29444.82
Samsung,phone,39,88300.0,80,excellent,16,256,1,1,58690.17
Xiaomi,phone,12,32600.0,10,poor,4,512,0,1,22119.78
Acer,laptop,25,84300.0,10,poor,16,512,1,0,53545.0
Samsung,phone,34,60100.0,51,good,16,256,1,3,34250.29
Realme,phone,46,9300.0,87,new,16,512,1,1,5773.72
HP,laptop,9,74100.0,51,good,4,1024,0,0,66856.68
Oppo,phone,20,17100.0,53,good,4,512,1,2,12721.79
HP,laptop,47,100700.0,32,fair,64,1024,0,0,50369.88
Realme,phone,57,11200.0,61,good,6,512,0,2,4756.68
Xiaomi,phone,13,39100.0,62,good,8,64,1,0,31940.48
Realme,phone,34,25700.0,87,new,32,256,1,0,18649.35
Acer,laptop,11,26500.0,20,poor,4,512,0,1,19607.92
MSI,laptop,30,62600.0,97,new,32,1024,1,0,51333.96
Asus,laptop,19,109400.0,9,poor,4,1024,0,0,73736.24
Lenovo,laptop,24,61300.0,85,excellent,16,1024,1,0,48457.77
Oppo,phone,43,28900.0,18,poor,32,256,1,0,15623.78
Apple,phone,38,69100.0,21,poor,32,64,0,3,32837.44
MSI,laptop,11,112900.0,86,new,16,256,0,3,91574.82
Xiaomi,phone,22,33800.0,83,excellent,6,512,1,0,27414.79
Lenovo,laptop,35,92400.0,17,poor,32,1024,0,1,51852.72
Samsung,phone,43,84400.0,74,excellent,8,512,0,0,49945.38
Dell,laptop,31,91100.0,8,poor,16,256,1,2,48677.57
Apple,laptop,21,142100.0,29,fair,4,512,1,0,106216.12
Xiaomi,phone,17,26400.0,81,excellent,16,256,0,1,21057.61
Apple,laptop,14,133500.0,68,excellent,32,256,1,1,112896.79
Asus,laptop,23,127700.0,74,excellent,64,1024,0,0,101643.48
Vivo,phone,29,23500.0,30,fair,12,64,0,1,14602.99
Apple,phone,7,74800.0,95,new,8,64,1,0,72480.14
Acer,laptop,48,80200.0,54,good,8,512,1,0,44688.76
Apple,phone,35,89100.0,5,poor,4,512,1,0,50699.03
Realme,phone,43,33400.0,77,excellent,6,256,0,1,19757.05
Apple,phone,2,86200.0,83,excellent,16,512,0,1,89085.33
OnePlus,phone,34,37200.0,29,fair,12,256,0,2,20576.35
Acer,laptop,31,61400.0,6,poor,32,512,0,0,35125.27
Xiaomi,phone,48,9900.0,47,good,32,64,1,0,5207.03
Acer,laptop,30,59500.0,42,fair,16,1024,1,0,39793.03
Acer,laptop,25,59000.0,57,good,32,512,0,0,42673.87
Vivo,phone,36,17700.0,85,excellent,16,512,0,2,11079.01
Acer,laptop,29,42500.0,85,excellent,32,1024,1,0,32684.15
Asus,laptop,39,54400.0,91,new,32,512,1,2,33412.04
HP,laptop,4,56600.0,78,excellent,32,1024,0,0,59169.26
Samsung,phone,30,95800.0,98,new,16,256,1,0,74028.23
MSI,laptop,42,127200.0,88,new,4,256,1,0,84936.24
Oppo,phone,31,32500.0,45,fair,32,64,1,0,21100.56
Acer,laptop,41,45100.0,89,new,8,512,0,0,28555.83
Acer,laptop,48,71700.0,26,fair,64,1024,0,0,36386.56
Apple,laptop,14,182800.0,40,fair,32,1024,0,0,142069.94
Realme,phone,21,16100.0,38,fair,16,256,0,0,12152.76
Apple,laptop,7,90400.0,26,fair,16,256,1,0,79434.31
Xiaomi,phone,42,32300.0,55,good,12,512,1,3,16528.24
Samsung,phone,30,42100.0,100,new,4,64,0,1,29851.72
Samsung,phone,34,61700.0,97,new,12,256,1,1,46196.24
Oppo,phone,12,22800.0,45,fair,4,512,0,0,19045.64
OnePlus,phone,34,64100.0,22,poor,4,256,0,1,34296.21
HP,laptop,39,54100.0,78,excellent,4,512,1,0,35810.41
Realme,phone,43,17100.0,25,poor,16,128,0,0,8576.36
Xiaomi,phone,25,36400.0,44,fair,16,512,0,0,25130.95
Lenovo,laptop,45,87700.0,96,new,4,512,1,3,52973.34
HP,laptop,23,89100.0,29,fair,4,1024,0,0,61134.5
Apple,laptop,21,100200.0,30,fair,32,1024,1,1,70283.88
Xiaomi,phone,60,23900.0,39,fair,4,64,1,0,10221.79
Oppo,phone,8,23000.0,54,good,8,64,1,0,21765.52
Oppo,phone,9,11000.0,72,excellent,16,128,1,3,9667.06
Lenovo,laptop,42,61900.0,49,good,4,512,1,0,38192.88
Xiaomi,phone,42,10500.0,18,poor,4,256,1,0,5609.09
Dell,laptop,27,53800.0,71,excellent,16,1024,0,0,39642.49
Dell,laptop,59,55300.0,39,fair,8,512,0,1,21210.58
Acer,laptop,6,78400.0,68,excellent,64,256,0,2,68098.11
Xiaomi,phone,3,16200.0,95,new,4,512,0,1,16723.6
Asus,laptop,2,61000.0,69,excellent,16,512,0,0,60421.22
HP,laptop,30,107600.0,87,new,32,512,1,2,80210.94
Oppo,phone,7,33400.0,72,excellent,6,256,1,1,30641.53
HP,laptop,5,76600.0,40,fair,32,256,1,0,69544.08
Apple,phone,29,110200.0,15,poor,6,128,0,0,65289.87
MSI,laptop,34,165300.0,52,good,16,256,1,0,109912.88
Dell,laptop,18,103500.0,85,excellent,32,1024,1,0,84887.83
Dell,laptop,25,89000.0,96,new,8,1024,1,1,69896.56
Acer,laptop,13,80700.0,18,poor,8,512,0,1,55883.37
Vivo,phone,45,15000.0,12,poor,12,512,0,0,6982.24
Oppo,phone,59,25000.0,30,fair,6,512,1,0,10206.25
Asus,laptop,37,64900.0,59,good,64,512,1,0,42027.32
Lenovo,laptop,39,91700.0,12,poor,8,1024,1,0,51216.67
Realme,phone,53,33200.0,88,new,6,64,0,1,17648.98
HP,laptop,18,83200.0,53,good,64,1024,1,1,62384.12
Xiaomi,phone,12,14000.0,57,good,4,512,0,0,11938.48
Asus,laptop,52,76900.0,58,good,16,512,1,2,38354.08
Realme,phone,42,28600.0,75,excellent,12,128,0,0,17262.29
OnePlus,phone,51,31900.0,27,fair,32,64,1,1,13851.42
Oppo,phone,42,39800.0,39,fair,6,64,0,0,22286.38
Realme,phone,2,29700.0,8,poor,4,128,1,0,25721.25
OnePlus,phone,31,75900.0,80,excellent,8,64,0,0,55884.01
Lenovo,laptop,44,72000.0,23,poor,16,1024,1,0,36386.18
Vivo,phone,34,33400.0,58,good,6,512,1,1,20683.78
Samsung,phone,32,77400.0,13,poor,16,256,1,1,45230.28
OnePlus,phone,45,70400.0,80,excellent,16,256,0,0,45463.6
MSI,laptop,49,74200.0,81,excellent,64,1024,1,0,43379.72
Apple,phone,10,137400.0,19,poor,32,512,1,0,111208.96
MSI,laptop,16,93200.0,48,good,16,1024,1,1,72889.13
Samsung,phone,35,64800.0,47,good,12,512,0,2,37300.28
Dell,laptop,49,35700.0,8,poor,4,1024,1,2,14235.36
HP,laptop,32,97400.0,37,fair,16,512,0,1,56292.61
Dell,laptop,39,60100.0,90,new,32,1024,1,1,39918.61
Xiaomi,phone,28,24000.0,83,excellent,4,512,1,1,17882.67
OnePlus,phone,26,52300.0,34,fair,32,256,0,1,32543.86
OnePlus,phone,34,30100.0,65,good,32,512,1,1,20292.89
OnePlus,phone,14,67600.0,26,fair,6,64,1,0,50036.98
Oppo,phone,3,19800.0,11,poor,4,64,1,0,17129.32
MSI,laptop,15,110300.0,47,good,8,256,0,1,86402.25
Apple,phone,4,143600.0,29,fair,16,256,1,0,131117.15
Vivo,phone,12,16400.0,89,new,4,256,1,0,15192.1
Vivo,phone,36,24100.0,10,poor,8,512,0,0,13057.24
Apple,laptop,21,186700.0,69,excellent,64,512,1,0,157107.27
Realme,phone,41,22400.0,82,excellent,12,128,0,0,14311.33
Lenovo,laptop,55,78900.0,39,fair,32,512,1,0,35931.57
MSI,laptop,11,168900.0,25,poor,4,512,0,2,127828.32
HP,laptop,38,51800.0,41,fair,32,512,0,1,29397.12
Apple,laptop,13,110900.0,77,excellent,64,256,0,1,94591.72
Apple,laptop,2,148900.0,51,good,4,1024,0,2,135654.11
Xiaomi,phone,11,9500.0,79,excellent,16,256,0,0,8903.4
Acer,laptop,6,80800.0,11,poor,64,512,0,2,63046.79
Realme,phone,25,20000.0,56,good,8,256,0,0,15055.21
MSI,laptop,11,170400.0,69,excellent,8,1024,0,0,144757.09
Oppo,phone,35,18400.0,9,poor,6,256,0,0,10355.28
OnePlus,phone,39,27800.0,73,excellent,8,256,0,0,18238.43
Dell,laptop,29,87800.0,34,fair,4,512,1,1,56347.95
Apple,phone,16,95300.0,66,excellent,8,64,1,1,74580.33
HP,laptop,60,41000.0,84,excellent,16,512,1,0,22037.36
Oppo,phone,7,23800.0,30,fair,6,512,1,1,21058.15
Asus,laptop,37,128700.0,49,good,16,512,1,0,85075.74
Realme,phone,40,7100.0,95,new,16,128,0,3,4126.47
Dell,laptop,13,73900.0,90,new,64,512,1,0,65771.86
Lenovo,laptop,36,60400.0,26,fair,32,1024,1,0,36459.26
Dell,laptop,55,44300.0,82,excellent,16,512,0,0,24463.51
Apple,laptop,34,164400.0,47,good,16,1024,1,2,97646.02
Realme,phone,40,23300.0,21,poor,4,64,1,0,12895.47
Xiaomi,phone,42,19500.0,31,fair,12,128,0,0,10587.43
Realme,phone,35,18500.0,34,fair,32,256,1,0,11225.62
Acer,laptop,43,33300.0,51,good,4,1024,1,0,19143.48
Lenovo,laptop,47,74500.0,15,poor,16,256,1,3,30187.11
Oppo,phone,58,33400.0,38,fair,32,256,1,0,14670.87
Oppo,phone,50,23500.0,37,fair,12,512,1,0,11671.07
Asus,laptop,56,36400.0,49,good,64,256,0,0,17073.93
OnePlus,phone,17,28200.0,5,poor,16,512,0,0,19117.8
Oppo,phone,31,18100.0,60,good,4,512,0,0,13048.89
Apple,phone,16,56300.0,37,fair,16,256,0,3,38761.62
Acer,laptop,38,79100.0,63,good,16,512,0,0,52861.08
Oppo,phone,22,35400.0,16,poor,32,64,1,0,24000.15
Oppo,phone,35,13700.0,88,new,4,512,0,0,9464.73
Xiaomi,phone,52,32200.0,37,fair,32,64,1,0,15464.51
Apple,phone,53,128400.0,51,good,12,64,0,1,58956.98
Realme,phone,23,20700.0,91,new,12,128,0,0,16675.78
MSI,laptop,4,89700.0,93,new,8,1024,1,0,90922.33
Apple,phone,39,80900.0,9,poor,16,512,0,0,40997.44
Oppo,phone,44,23500.0,61,good,4,64,0,0,13775.84
Oppo,phone,43,30500.0,26,fair,16,512,0,0,16241.46
Apple,phone,23,61700.0,20,poor,12,128,1,2,39346.92
Realme,phone,25,21400.0,16,poor,6,128,0,0,13997.6
Asus,laptop,31,107300.0,20,poor,16,256,0,0,62852.79
Asus,laptop,41,105500.0,90,new,4,512,0,0,70156.61
Xiaomi,phone,1,10300.0,83,excellent,4,512,0,0,10010.27
Dell,laptop,9,116800.0,46,good,8,256,1,0,99721.95
Asus,laptop,59,59100.0,14,poor,8,1024,0,0,22414.31
Samsung,phone,39,31300.0,44,fair,8,512,0,0,18395.24
Apple,phone,23,112100.0,41,fair,4,512,1,0,83008.72
Vivo,phone,2,27900.0,68,excellent,12,512,1,1,27326.36
Dell,laptop,21,105100.0,100,new,4,1024,0,1,82404.32
Vivo,phone,47,38100.0,25,poor,32,512,1,0,19758.23
OnePlus,phone,19,27200.0,89,new,8,128,1,0,23343.3
MSI,laptop,14,175600.0,100,new,8,256,0,0,156420.07
Realme,phone,25,12600.0,34,fair,4,64,1,0,8794.44
MSI,laptop,16,195300.0,97,new,32,1024,0,1,165724.05
Xiaomi,phone,37,17600.0,44,fair,6,64,1,0,10699.66
Oppo,phone,41,39100.0,69,excellent,12,512,1,0,24040.49
Lenovo,laptop,47,61600.0,43,fair,16,256,1,1,32284.8
Oppo,phone,32,42600.0,29,fair,6,512,0,0,25579.28
MSI,laptop,42,61300.0,91,new,16,1024,0,0,40390.99
Xiaomi,phone,8,13400.0,84,excellent,12,512,0,0,12999.1
Samsung,phone,28,59800.0,15,poor,12,256,1,1,36895.8
Xiaomi,phone,39,19700.0,69,excellent,32,512,1,1,12743.49
Acer,laptop,16,49200.0,76,excellent,64,1024,1,2,37783.0
MSI,laptop,42,67700.0,60,good,16,256,0,0,39903.1
Vivo,phone,56,20100.0,68,excellent,16,128,0,0,10094.79
Acer,laptop,46,63800.0,17,poor,64,256,1,0,30496.29
Oppo,phone,54,31600.0,99,new,12,128,1,0,18082.69
Realme,phone,7,8100.0,65,good,6,512,0,0,7321.96
Asus,laptop,25,116700.0,20,poor,8,512,1,0,77270.55
Acer,laptop,42,67200.0,71,excellent,16,1024,0,0,43627.78
Apple,laptop,31,108100.0,63,good,4,1024,1,0,74191.19
Xiaomi,phone,19,36500.0,18,poor,4,64,0,1,23665.9
Apple,phone,18,144900.0,18,poor,32,256,1,3,88753.44
MSI,laptop,8,99800.0,100,new,64,256,0,1,90399.69
HP,laptop,20,88400.0,53,good,16,256,0,0,65397.72
HP,laptop,2,84700.0,48,good,32,1024,0,0,79368.87
Realme,phone,34,24600.0,29,fair,16,64,0,0,14688.29
Apple,laptop,16,97900.0,57,good,8,1024,1,1,76066.05
Apple,phone,25,146300.0,51,good,12,128,0,1,104459.89
Samsung,phone,54,37100.0,67,excellent,6,64,1,0,19424.86
Lenovo,laptop,13,92700.0,92,new,16,1024,1,1,81205.35
Oppo,phone,48,18600.0,66,excellent,32,512,1,1,10817.86
Vivo,phone,34,23800.0,39,fair,16,256,1,0,15892.08
Apple,phone,17,120500.0,25,poor,12,64,1,0,94514.67
Oppo,phone,17,28800.0,89,new,4,512,0,0,23970.01
Vivo,phone,16,10000.0,90,new,6,64,0,0,9003.69
Lenovo,laptop,48,53400.0,49,good,16,256,1,0,30635.64
Dell,laptop,32,54200.0,14,poor,64,512,0,0,32181.06
Asus,laptop,7,37600.0,88,new,32,1024,1,2,35649.73
MSI,laptop,15,122400.0,29,fair,32,512,1,1,88155.91
Acer,laptop,13,50200.0,86,new,4,512,1,0,47448.53
Apple,phone,24,130200.0,98,new,16,128,1,1,107089.89
Asus,laptop,54,39500.0,98,new,64,512,0,0,21994.55
Apple,laptop,53,195400.0,82,excellent,64,512,1,1,108322.33
OnePlus,phone,13,52500.0,49,good,32,64,0,1,42687.7
Apple,laptop,8,181900.0,70,excellent,32,512,0,1,158317.53
MSI,laptop,48,143400.0,50,good,16,1024,0,0,72912.16
Lenovo,laptop,20,57700.0,49,good,16,256,0,1,41678.71
Oppo,phone,35,40600.0,7,poor,32,256,1,0,23815.35
HP,laptop,56,53700.0,47,good,32,256,0,0,25264.72
MSI,laptop,4,193600.0,58,good,64,256,0,0,193066.93
Realme,phone,2,8000.0,96,new,6,64,0,0,8098.36
MSI,laptop,18,84900.0,16,poor,32,1024,0,0,62691.08
HP,laptop,50,82200.0,85,excellent,8,256,0,1,44013.09
OnePlus,phone,49,60800.0,74,excellent,32,128,0,0,34407.69
Apple,phone,47,51700.0,70,excellent,12,64,1,1,30349.04
Apple,phone,44,93400.0,8,poor,6,128,0,0,43557.33
Dell,laptop,39,102700.0,23,poor,16,256,0,0,54880.07
Xiaomi,phone,18,20600.0,9,poor,32,256,1,1,13739.44
Samsung,phone,54,97900.0,90,new,32,64,0,0,53376.96
MSI,laptop,17,118500.0,87,new,64,512,0,0,104616.59
Vivo,phone,40,16800.0,90,new,6,256,1,2,11066.9
OnePlus,phone,25,25200.0,92,new,4,256,1,0,20316.68
Lenovo,laptop,22,57800.0,61,good,4,256,0,0,43838.66
Asus,laptop,9,93300.0,38,fair,4,512,0,0,78038.59
Oppo,phone,19,28900.0,67,excellent,12,128,1,2,21518.07
Lenovo,laptop,10,75200.0,67,excellent,64,1024,1,0,69251.0
Dell,laptop,17,83200.0,91,new,64,1024,0,0,73210.74
Samsung,phone,2,95200.0,25,poor,4,128,0,0,91919.44
Acer,laptop,2,32300.0,64,good,16,1024,0,0,31764.31
Apple,phone,45,148100.0,96,new,8,256,1,1,90676.23
Samsung,phone,53,74900.0,23,poor,16,128,1,1,31433.27
Acer,laptop,39,83100.0,63,good,4,256,0,0,50506.89
Dell,laptop,10,106700.0,24,poor,32,512,0,0,86657.78
Lenovo,laptop,21,84100.0,60,good,32,256,1,0,67980.18
HP,laptop,1,99500.0,70,excellent,32,1024,0,0,98283.53
Apple,laptop,28,138300.0,77,excellent,64,512,1,1,102387.8
Xiaomi,phone,36,32900.0,18,poor,8,64,1,0,18266.3
HP,laptop,60,109700.0,22,poor,64,256,1,0,44082.87
Samsung,phone,23,49600.0,58,good,8,256,0,2,33131.72
Xiaomi,phone,17,22500.0,81,excellent,4,64,1,0,18741.68
Oppo,phone,7,30100.0,61,good,12,256,0,0,26340.38
Vivo,phone,11,20200.0,58,good,8,128,0,0,17682.47
Asus,laptop,60,66000.0,37,fair,32,1024,0,0,25956.55
MSI,laptop,24,160900.0,19,poor,16,1024,0,0,111157.19
Apple,laptop,34,164900.0,91,new,64,256,0,1,109506.53
Dell,laptop,25,105700.0,12,poor,4,256,0,0,64546.35
Oppo,phone,46,32300.0,14,poor,12,128,0,0,16111.32
Oppo,phone,18,17500.0,42,fair,8,512,1,0,13694.71
Asus,laptop,56,55700.0,95,new,64,1024,1,1,31551.21
Vivo,phone,39,35300.0,88,new,16,256,0,0,23089.46
MSI,laptop,16,93700.0,20,poor,32,1024,1,0,72805.8
OnePlus,phone,55,28500.0,5,poor,8,64,1,0,11084.12
Apple,laptop,55,88100.0,74,excellent,32,512,1,0,46482.3
Xiaomi,phone,31,29000.0,83,excellent,8,128,0,0,20636.17
Apple,laptop,25,106700.0,91,new,64,512,0,0,85652.36
Oppo,phone,5,16400.0,62,good,4,64,0,0,16166.05
Dell,laptop,26,56800.0,5,poor,16,256,1,3,31279.72
Apple,laptop,18,199000.0,39,fair,32,256,0,0,154079.62
Xiaomi,phone,25,14800.0,14,poor,12,512,0,0,9404.02
Xiaomi,phone,10,35100.0,22,poor,6,128,1,0,27482.0
Acer,laptop,11,70300.0,26,fair,8,512,1,0,57656.46
Realme,phone,58,33700.0,25,poor,16,64,1,0,14361.14
Dell,laptop,39,41900.0,6,poor,64,512,0,0,21865.49
Acer,laptop,7,43500.0,69,excellent,16,1024,1,0,42753.76
Realme,phone,3,25300.0,28,fair,12,256,1,0,22740.19
Oppo,phone,57,13700.0,97,new,6,256,1,3,6518.58
Asus,laptop,38,45400.0,64,good,16,512,0,0,30147.68
HP,laptop,38,73500.0,70,excellent,32,512,0,0,47951.87
Dell,laptop,25,84600.0,72,excellent,16,256,1,0,68088.3
Vivo,phone,7,26700.0,50,good,16,512,1,1,22798.47
OnePlus,phone,2,36600.0,11,poor,8,64,0,1,32001.44
MSI,laptop,12,140000.0,71,excellent,32,1024,1,0,122791.61
Samsung,phone,46,78200.0,6,poor,32,128,0,0,34246.39
MSI,laptop,49,93600.0,62,good,16,1024,1,2,47695.59
Realme,phone,30,11600.0,98,new,12,256,0,1,8372.6
Lenovo,laptop,9,79900.0,17,poor,64,256,0,2,56511.5
Lenovo,laptop,39,77500.0,8,poor,4,512,1,0,40345.24
Apple,phone,18,111800.0,90,new,16,256,0,1,93027.1
Asus,laptop,25,91500.0,90,new,8,512,0,0,70698.6
Acer,laptop,49,54400.0,64,good,16,1024,1,0,30627.42
Asus,laptop,1,40600.0,36,fair,64,1024,1,0,38860.9
Samsung,phone,49,88100.0,59,good,4,128,1,0,49192.79
Apple,phone,36,77000.0,64,good,8,64,1,3,43352.43
Dell,laptop,16,58000.0,97,new,4,512,0,1,49015.29
Lenovo,laptop,40,46300.0,46,good,32,512,1,1,26943.89
Apple,phone,50,54100.0,81,excellent,16,512,0,0,30323.32
Samsung,phone,33,79700.0,41,fair,4,64,0,0,52054.19
Samsung,phone,50,60400.0,83,excellent,4,256,0,1,34944.05
Vivo,phone,38,36100.0,27,fair,4,64,1,0,21587.24
Realme,phone,13,27800.0,78,excellent,32,128,1,0,23834.53
Dell,laptop,57,43700.0,55,good,64,1024,1,0,20652.34
Apple,phone,20,71400.0,87,new,8,64,0,0,58819.5
Apple,phone,55,55600.0,48,good,4,128,0,1,24353.37
Dell,laptop,49,47300.0,53,good,32,1024,1,0,26807.06
Acer,laptop,6,55700.0,35,fair,4,1024,1,0,52166.23
Xiaomi,phone,44,18600.0,31,fair,12,128,0,0,9887.63
Samsung,phone,36,77100.0,36,fair,6,256,1,0,46944.9
Lenovo,laptop,27,97800.0,22,poor,32,1024,0,0,62296.37
Apple,laptop,49,131400.0,100,new,64,256,0,0,83695.91
Dell,laptop,48,97700.0,88,new,4,256,1,1,61247.8
HP,laptop,23,34700.0,33,fair,4,256,1,1,23997.41
Xiaomi,phone,45,25400.0,61,good,8,256,1,2,13471.26
HP,laptop,32,103200.0,64,good,64,512,1,0,73645.68
Acer,laptop,53,68600.0,41,fair,64,512,1,0,35421.28
Dell,laptop,1,44100.0,17,poor,8,256,0,1,40997.9
Asus,laptop,12,125300.0,93,new,8,1024,1,0,119097.12
Vivo,phone,37,32700.0,45,fair,16,64,1,1,18948.98
Realme,phone,12,22800.0,60,good,6,256,1,0,19856.15
Samsung,phone,60,93100.0,7,poor,8,128,0,2,27684.66
Apple,laptop,6,97400.0,77,excellent,4,256,1,0,98054.93
Oppo,phone,40,20300.0,21,poor,8,256,1,0,11372.07
Acer,laptop,14,68000.0,56,good,32,512,1,0,55358.06
Lenovo,laptop,47,54300.0,31,fair,16,512,1,1,27079.47
OnePlus,phone,30,59900.0,50,good,6,512,0,0,39697.21
Lenovo,laptop,59,76800.0,54,good,32,256,0,0,35055.4
HP,laptop,42,68000.0,60,good,32,512,0,0,41669.19
OnePlus,phone,39,57800.0,46,good,4,128,1,0,35618.38
Apple,phone,29,143100.0,72,excellent,16,256,1,1,106703.65
Oppo,phone,59,41300.0,91,new,16,128,0,2,19045.3
Dell,laptop,45,103700.0,89,new,4,1024,0,3,55175.82
Samsung,phone,1,85100.0,83,excellent,6,128,1,0,88931.0
Oppo,phone,27,10900.0,69,excellent,8,128,1,2,7240.51
Apple,laptop,25,132100.0,54,good,16,512,0,0,97393.9
MSI,laptop,12,170400.0,58,good,32,1024,0,1,139686.95
Realme,phone,56,21300.0,82,excellent,6,256,0,3,8955.86
Apple,laptop,37,110100.0,30,fair,8,1024,1,0,67563.89
Oppo,phone,28,31100.0,89,new,32,256,1,0,24684.69
Dell,laptop,51,85000.0,91,new,4,256,1,0,54376.0
Apple,phone,48,67400.0,80,excellent,12,64,0,1,36186.64
Apple,phone,15,77800.0,31,fair,12,256,1,0,62232.84
Xiaomi,phone,52,22800.0,96,new,4,128,1,0,14208.48
Oppo,phone,60,25000.0,8,poor,6,256,0,0,8984.5
OnePlus,phone,1,47500.0,20,poor,32,64,1,0,44397.97
Oppo,phone,25,40900.0,40,fair,12,128,1,2,25840.46
OnePlus,phone,33,69200.0,84,excellent,12,256,0,0,49416.46
HP,laptop,15,74100.0,79,excellent,8,256,1,1,62962.49
Lenovo,laptop,56,38400.0,91,new,8,512,0,0,21669.74
Lenovo,laptop,45,36100.0,22,poor,64,512,1,1,18298.42
Xiaomi,phone,12,18600.0,36,fair,32,64,1,0,14956.75
Realme,phone,39,20400.0,73,excellent,32,128,1,0,13441.67
Oppo,phone,6,42900.0,6,poor,12,64,1,3,32604.36
Apple,phone,56,93700.0,38,fair,12,256,1,0,42252.52
Realme,phone,14,11900.0,99,new,32,512,0,0,11250.25
Lenovo,laptop,40,87600.0,98,new,8,256,1,0,64227.65
Xiaomi,phone,23,10400.0,90,new,8,128,0,0,8045.02
MSI,laptop,27,188800.0,55,good,8,512,0,0,127395.26
Realme,phone,18,13800.0,93,new,4,128,1,0,12644.82
Apple,phone,9,107100.0,22,poor,4,128,1,0,85265.03
OnePlus,phone,53,64800.0,39,fair,32,64,1,0,32364.59
MSI,laptop,29,60000.0,33,fair,16,512,1,0,41711.13
Acer,laptop,13,87900.0,96,new,64,512,0,0,77396.6
Realme,phone,24,8000.0,90,new,16,128,1,0,6498.6
Lenovo,laptop,56,41100.0,37,fair,64,1024,0,1,16880.53
Realme,phone,48,28500.0,12,poor,16,128,0,1,12393.08
Realme,phone,43,26900.0,36,fair,12,128,0,2,13111.92
Samsung,phone,5,36000.0,37,fair,32,512,0,0,33192.27
OnePlus,phone,21,33900.0,67,excellent,8,64,0,1,26584.24
Acer,laptop,18,26400.0,99,new,16,1024,0,0,23994.99
OnePlus,phone,8,77800.0,44,fair,32,64,1,1,68489.56
Vivo,phone,10,20900.0,66,excellent,4,256,0,0,17937.2
Vivo,phone,3,15700.0,7,poor,12,128,0,0,14262.69
Realme,phone,59,19300.0,91,new,12,128,0,0,9996.95
Vivo,phone,25,19400.0,5,poor,4,64,0,0,12500.55
Apple,phone,12,111300.0,66,excellent,4,64,0,0,97807.14
Xiaomi,phone,1,29800.0,17,poor,12,128,1,1,28112.75
Acer,laptop,16,57800.0,96,new,16,1024,0,0,50536.35
Xiaomi,phone,41,10100.0,91,new,12,64,1,0,7124.68
Apple,laptop,52,98500.0,57,good,16,512,0,0,48454.1
Dell,laptop,39,83300.0,58,good,4,1024,1,1,48379.25
Apple,laptop,59,98000.0,29,fair,8,512,1,0,43057.13
Apple,phone,27,101700.0,85,excellent,32,128,1,2,73153.82
Oppo,phone,10,32300.0,80,excellent,4,256,0,0,29070.99
Dell,laptop,46,66400.0,28,fair,4,1024,0,0,33423.47
Samsung,phone,3,90800.0,55,good,4,128,0,0,86251.13
Asus,laptop,25,71900.0,35,fair,64,512,0,0,49527.41
Samsung,phone,53,77400.0,53,good,8,128,0,0,37469.49
Lenovo,laptop,18,53600.0,26,fair,32,512,1,0,40763.24
Realme,phone,39,33000.0,95,new,4,128,0,1,21260.93
Apple,laptop,43,122400.0,13,poor,32,1024,0,0,63042.68
MSI,laptop,8,199700.0,67,excellent,4,256,1,0,187175.1
Dell,laptop,12,63400.0,32,fair,4,256,1,0,51167.07
Vivo,phone,6,35900.0,87,new,16,128,0,0,36004.38
Dell,laptop,48,65500.0,19,poor,16,512,0,0,31882.77
Realme,phone,46,16900.0,45,fair,32,256,1,1,8770.61
Xiaomi,phone,1,31900.0,7,poor,6,128,1,2,26331.23
Lenovo,laptop,46,53700.0,20,poor,32,512,1,0,26230.86
Realme,phone,53,26100.0,90,new,16,512,1,0,15233.98
Oppo,phone,21,22900.0,34,fair,6,128,0,1,15245.04
Oppo,phone,52,40000.0,43,fair,8,512,1,0,19609.77
Samsung,phone,36,76500.0,81,excellent,6,64,0,0,51249.04
Acer,laptop,51,47900.0,34,fair,32,256,1,0,22610.27
Realme,phone,33,7700.0,59,good,16,512,1,2,4949.09
Acer,laptop,52,80200.0,88,new,8,1024,0,0,47447.8
Realme,phone,44,30300.0,78,excellent,16,64,1,0,19439.31
Oppo,phone,21,24400.0,77,excellent,4,512,1,0,21029.14
Oppo,phone,46,44400.0,91,new,4,256,1,2,25061.97
Oppo,phone,47,33700.0,59,good,4,256,1,0,20162.87
Lenovo,laptop,2,68600.0,82,excellent,8,256,1,3,68740.63
Vivo,phone,53,20000.0,99,new,32,128,0,0,12020.34
OnePlus,phone,26,34200.0,84,excellent,8,512,0,0,27364.64
Dell,laptop,27,52200.0,55,good,64,512,0,0,36702.67
Realme,phone,32,10900.0,91,new,4,512,1,0,8720.4
Samsung,phone,25,42500.0,68,excellent,8,512,0,0,31469.64
Apple,laptop,10,85400.0,30,fair,32,1024,1,0,68904.8
Apple,laptop,52,123100.0,45,fair,64,1024,1,1,60856.57
Acer,laptop,9,63800.0,53,good,16,1024,1,0,54601.58
Acer,laptop,49,47300.0,55,good,32,1024,1,0,25038.2
Acer,laptop,9,55000.0,22,poor,16,1024,0,0,44435.97
Realme,phone,59,7400.0,41,fair,32,512,1,0,3270.99
Realme,phone,12,18100.0,93,new,4,64,1,0,16817.72
OnePlus,phone,20,57700.0,96,new,12,256,0,1,47259.16
Apple,laptop,52,191600.0,38,fair,4,256,0,0,92793.13
Vivo,phone,23,8300.0,42,fair,12,128,1,0,5828.26
Oppo,phone,10,34600.0,51,good,32,512,1,0,30527.78
Oppo,phone,59,43800.0,11,poor,16,512,1,0,17338.3
OnePlus,phone,38,45100.0,99,new,8,512,1,0,34478.4
MSI,laptop,28,174300.0,70,excellent,64,512,1,0,132339.14
Dell,laptop,49,99000.0,59,good,4,256,0,0,53062.35
HP,laptop,58,85600.0,25,poor,8,256,1,0,37216.7
Oppo,phone,34,38200.0,100,new,4,128,0,0,28801.88
Vivo,phone,4,13500.0,21,poor,8,256,1,1,12058.85
Dell,laptop,3,72600.0,48,good,16,256,0,0,70255.52
Vivo,phone,48,12900.0,69,excellent,16,256,0,2,6548.03
Acer,laptop,45,76500.0,46,good,64,1024,1,0,45470.56
HP,laptop,33,61800.0,16,poor,16,512,0,0,35343.76
Asus,laptop,52,100000.0,23,poor,32,512,0,3,35397.91
Dell,laptop,7,97400.0,57,good,16,1024,0,0,85928.65
Oppo,phone,32,26800.0,60,good,32,64,0,0,17789.0
Samsung,phone,40,76900.0,12,poor,6,128,0,0,39812.41
Vivo,phone,8,27100.0,26,fair,32,512,1,0,23219.91
HP,laptop,56,100400.0,50,good,32,1024,0,2,41477.98
Realme,phone,33,23800.0,91,new,6,128,0,2,15452.88
Vivo,phone,23,36300.0,25,poor,12,512,0,0,25674.35
MSI,laptop,6,179700.0,33,fair,16,1024,1,0,167405.08
Vivo,phone,46,16300.0,20,poor,12,64,1,1,7536.51
HP,laptop,1,44700.0,89,new,4,512,1,0,46639.92
HP,laptop,27,44000.0,51,good,4,256,0,0,31921.54
Lenovo,laptop,1,99400.0,96,new,32,512,1,0,102318.35
Vivo,phone,33,19600.0,76,excellent,4,256,0,0,13515.2
Lenovo,laptop,47,38000.0,78,excellent,8,512,0,0,22618.37
Asus,laptop,12,42800.0,96,new,4,1024,1,1,39752.42
Realme,phone,2,16300.0,62,good,16,128,1,0,17048.46
Lenovo,laptop,24,59200.0,18,poor,4,1024,0,0,40073.68
Apple,phone,10,60400.0,18,poor,4,128,1,0,46509.34
Xiaomi,phone,43,33400.0,21,poor,8,512,0,2,15569.1
Asus,laptop,25,55700.0,56,good,16,256,0,1,40811.91
OnePlus,phone,31,54300.0,91,new,32,128,0,0,42284.66
MSI,laptop,30,87100.0,42,fair,16,1024,1,1,55016.56
Samsung,phone,5,59100.0,19,poor,6,64,0,0,51140.45
Apple,laptop,47,132200.0,23,poor,8,512,0,0,61910.27
Dell,laptop,5,36800.0,23,poor,16,256,1,0,33458.03
HP,laptop,44,44100.0,46,good,4,512,0,0,25280.55
Oppo,phone,30,28400.0,68,excellent,16,128,1,0,21091.91
Realme,phone,34,8500.0,96,new,12,128,1,0,6707.34
Asus,laptop,38,92000.0,6,poor,64,1024,1,0,50292.22
Apple,laptop,53,177000.0,78,excellent,8,256,0,2,86236.94
OnePlus,phone,32,35700.0,38,fair,4,512,1,1,21788.77
HP,laptop,41,92900.0,6,poor,16,512,1,0,49874.93
HP,laptop,12,74300.0,10,poor,64,512,1,0,59075.93
OnePlus,phone,3,29800.0,82,excellent,32,128,0,0,28396.73
Apple,laptop,15,116600.0,20,poor,16,1024,1,1,82220.12
MSI,laptop,60,190100.0,66,excellent,4,256,1,1,89347.19
MSI,laptop,7,60600.0,36,fair,16,512,1,0,55351.65
Acer,laptop,45,75600.0,98,new,64,512,1,0,51299.37
HP,laptop,34,61000.0,37,fair,32,256,1,0,38231.99
Samsung,phone,37,69400.0,84,excellent,4,256,1,0,49662.08
Vivo,phone,57,21800.0,54,good,6,128,1,0,10154.08
Apple,phone,23,77900.0,28,fair,6,64,0,0,55080.33
Samsung,phone,8,59500.0,10,poor,16,512,0,0,49365.82
HP,laptop,39,41000.0,15,poor,32,256,1,0,21977.86
HP,laptop,6,97300.0,81,excellent,16,1024,1,0,101260.07
Lenovo,laptop,23,32400.0,66,excellent,4,512,1,2,23325.77
Apple,laptop,58,132400.0,8,poor,4,256,0,2,39308.48
Apple,laptop,11,158800.0,20,poor,64,512,1,0,129043.88
Acer,laptop,59,65500.0,53,good,64,512,1,0,30449.91
Samsung,phone,16,68100.0,83,excellent,6,64,0,0,56682.08
Acer,laptop,37,70900.0,68,excellent,32,512,0,0,46740.37
Lenovo,laptop,41,89600.0,44,fair,64,1024,1,2,48927.49
Lenovo,laptop,39,70100.0,51,good,64,1024,1,0,45302.29
Samsung,phone,12,25300.0,89,new,16,64,0,0,21675.51
Acer,laptop,56,42100.0,16,poor,32,256,0,0,17596.76
Apple,phone,30,92100.0,39,fair,6,512,0,1,58422.79
Samsung,phone,1,80500.0,28,fair,6,256,0,0,73694.38
OnePlus,phone,5,50500.0,76,excellent,8,128,0,0,51765.79
MSI,laptop,59,153000.0,40,fair,32,256,0,0,61853.31
MSI,laptop,8,136300.0,63,good,64,1024,1,1,123639.18
OnePlus,phone,38,50300.0,77,excellent,12,128,1,0,33571.16
Apple,laptop,15,177900.0,76,excellent,64,512,1,0,154314.97
Xiaomi,phone,51,19700.0,23,poor,16,512,1,0,9090.55
Oppo,phone,52,14500.0,26,fair,4,64,0,2,5836.17
Dell,laptop,60,94700.0,68,excellent,16,256,1,0,44476.84
HP,laptop,1,73800.0,52,good,16,256,0,2,66907.31
Vivo,phone,12,9200.0,92,new,8,128,0,0,8554.63
Apple,phone,34,128900.0,57,good,6,128,1,0,87362.31
Realme,phone,22,24700.0,48,good,12,256,0,0,18336.76
Realme,phone,45,30600.0,96,new,6,512,0,0,20352.6
Realme,phone,20,28300.0,34,fair,4,64,0,3,18194.57
Apple,laptop,2,175600.0,73,excellent,32,512,1,0,173197.88
Xiaomi,phone,25,18400.0,18,poor,8,128,0,0,12086.44
Apple,laptop,12,122500.0,62,good,4,1024,1,0,108296.53
Vivo,phone,2,11000.0,44,fair,4,64,1,0,11287.55
MSI,laptop,52,105900.0,100,new,4,256,0,0,65389.49
Dell,laptop,15,91000.0,55,good,16,1024,1,0,77448.51
Dell,laptop,51,58800.0,69,excellent,4,512,0,0,31009.19
Asus,laptop,44,120700.0,58,good,64,1024,0,0,68526.91
OnePlus,phone,5,61200.0,94,new,8,256,1,1,58390.99
Acer,laptop,47,60100.0,89,new,16,256,1,2,34455.35
HP,laptop,24,68700.0,5,poor,8,1024,1,1,43292.39
Vivo,phone,59,39200.0,93,new,12,256,0,0,20390.54
Xiaomi,phone,51,15200.0,92,new,4,256,0,0,9404.12
Xiaomi,phone,15,9300.0,37,fair,12,512,0,0,7129.23
Xiaomi,phone,3,30400.0,49,good,6,128,1,0,28941.37
Lenovo,laptop,48,55400.0,43,fair,4,512,1,3,24717.77
Dell,laptop,42,36600.0,58,good,16,1024,1,0,23044.64
Vivo,phone,9,19400.0,100,new,4,256,1,0,18283.13
Dell,laptop,26,114100.0,16,poor,64,256,1,0,75205.52
Xiaomi,phone,18,8200.0,64,good,32,512,0,0,6646.85
HP,laptop,36,107400.0,27,fair,16,256,1,0,62534.29
Acer,laptop,55,42400.0,12,poor,4,256,0,0,17429.21
OnePlus,phone,28,73900.0,25,poor,8,64,0,0,48889.13
Apple,phone,55,50500.0,97,new,4,128,1,0,29402.97
Realme,phone,26,18600.0,46,good,8,64,1,0,13314.32
Oppo,phone,54,32300.0,85,excellent,4,256,1,0,19107.14
Xiaomi,phone,55,22100.0,78,excellent,32,512,0,0,11570.38
Lenovo,laptop,3,41300.0,71,excellent,32,512,0,1,38166.83
Vivo,phone,9,31500.0,36,fair,32,64,0,0,26404.58
Acer,laptop,9,30700.0,93,new,4,512,0,1,28555.12
Apple,phone,53,111000.0,76,excellent,6,256,0,2,54076.83
Acer,laptop,5,76500.0,20,poor,16,1024,0,0,63380.83
Xiaomi,phone,14,19300.0,43,fair,16,64,1,1,15514.54
HP,laptop,59,67300.0,74,excellent,64,1024,1,0,34370.62
OnePlus,phone,4,36500.0,36,fair,16,512,0,0,33021.89
Asus,laptop,1,39000.0,14,poor,4,1024,1,3,31802.68
Vivo,phone,9,33400.0,83,excellent,8,128,1,2,30488.83
Asus,laptop,20,86500.0,21,poor,8,256,0,0,60966.29
Vivo,phone,29,9800.0,79,excellent,12,64,0,0,7073.16
HP,laptop,1,87400.0,40,fair,64,512,1,0,88966.3
MSI,laptop,43,160400.0,10,poor,4,1024,1,0,85414.6
Lenovo,laptop,52,31500.0,82,excellent,32,1024,1,0,18890.65
Asus,laptop,3,41700.0,49,good,16,1024,1,1,40736.89
Lenovo,laptop,48,72600.0,35,fair,32,1024,0,1,34230.48
HP,laptop,41,53700.0,20,poor,32,512,1,0,29510.44
HP,laptop,54,45000.0,37,fair,8,256,1,0,21096.49
Vivo,phone,47,22400.0,8,poor,32,128,1,1,9599.39
Apple,laptop,58,125900.0,87,new,4,256,0,0,67917.45
OnePlus,phone,23,52600.0,67,excellent,32,64,1,2,39408.6
Apple,phone,34,79300.0,35,fair,6,512,0,1,47515.93
HP,laptop,29,86900.0,31,fair,4,1024,1,1,56305.64
Realme,phone,27,10200.0,61,good,6,512,1,0,7917.36
Asus,laptop,7,73800.0,19,poor,64,256,0,0,62159.51
Apple,laptop,26,101500.0,64,good,32,1024,0,0,73730.74
MSI,laptop,45,169200.0,28,fair,16,1024,0,0,86708.0
Realme,phone,38,14600.0,44,fair,12,512,1,0,9074.58
Realme,phone,51,31300.0,5,poor,4,128,1,0,13753.06
Realme,phone,55,10000.0,83,excellent,8,512,0,0,5278.58
MSI,laptop,31,154800.0,82,excellent,16,512,0,1,109017.34
Realme,phone,51,10900.0,89,new,32,64,1,0,6425.59
Lenovo,laptop,57,83200.0,20,poor,16,1024,1,0,33407.32
Samsung,phone,15,43000.0,78,excellent,8,64,0,0,37373.39
Acer,laptop,8,78700.0,87,new,4,256,1,1,71569.26
Asus,laptop,22,64100.0,62,good,64,1024,0,0,48221.31
Lenovo,laptop,57,80300.0,24,poor,32,1024,1,0,35440.23
Oppo,phone,57,21000.0,16,poor,6,256,1,0,8410.15
Samsung,phone,27,52400.0,13,poor,12,512,0,0,33893.73
Apple,phone,4,53000.0,72,excellent,8,256,1,0,54368.01
Dell,laptop,17,95500.0,97,new,32,1024,1,2,80793.06
HP,laptop,13,43300.0,6,poor,64,256,1,0,33737.88
HP,laptop,19,95100.0,53,good,64,512,1,0,72382.27
Xiaomi,phone,54,26400.0,55,good,6,64,1,0,13812.26
Samsung,phone,57,77300.0,69,excellent,16,128,0,0,37717.5
Asus,laptop,43,110300.0,97,new,32,256,1,0,79254.71
HP,laptop,57,52100.0,17,poor,64,1024,1,0,21346.78
OnePlus,phone,38,39800.0,50,good,32,128,0,0,24254.49
Vivo,phone,47,23100.0,64,good,4,512,1,0,13147.18
Acer,laptop,11,55500.0,52,good,64,512,1,0,49455.76
Samsung,phone,29,66600.0,28,fair,4,256,0,0,41253.68
Dell,laptop,46,56900.0,22,poor,4,1024,0,1,26412.75
Lenovo,laptop,51,99700.0,30,fair,16,1024,0,0,47316.48
Acer,laptop,17,78900.0,87,new,16,256,0,0,69905.92
Realme,phone,16,28600.0,82,excellent,4,256,0,0,24765.63
Oppo,phone,50,32500.0,98,new,4,512,1,0,21070.29
Apple,phone,32,58900.0,5,poor,8,256,1,0,34378.02
Oppo,phone,3,10500.0,57,good,16,512,0,0,10335.07
OnePlus,phone,25,25700.0,66,excellent,16,128,0,2,18184.96
Vivo,phone,55,29200.0,21,poor,12,512,0,0,12030.76
Realme,phone,31,23600.0,14,poor,32,128,0,0,13877.05
Apple,laptop,57,164400.0,15,poor,16,256,1,0,70691.89
Acer,laptop,2,79200.0,98,new,64,256,1,0,80107.86
Asus,laptop,38,74500.0,65,good,64,512,1,0,51411.95
Asus,laptop,8,121300.0,85,excellent,4,256,0,0,112507.13
Lenovo,laptop,53,71300.0,100,new,8,512,1,0,45293.45
Xiaomi,phone,20,23400.0,19,poor,4,256,0,0,16338.22
Oppo,phone,45,33300.0,7,poor,6,64,1,0,17010.01
Acer,laptop,14,59700.0,67,excellent,8,1024,0,0,50373.98
Lenovo,laptop,8,31100.0,86,new,8,1024,0,0,29724.19
Asus,laptop,14,94100.0,90,new,16,512,1,0,80969.04
Apple,phone,4,77600.0,18,poor,16,128,0,0,66745.2
Samsung,phone,51,48300.0,7,poor,12,64,1,1,19961.74
Apple,laptop,37,115000.0,64,good,16,1024,0,0,73741.47
Vivo,phone,18,13300.0,52,good,4,64,1,0,10636.52
Samsung,phone,18,78600.0,19,poor,16,256,0,0,56856.76
MSI,laptop,2,121200.0,94,new,4,512,0,0,126129.92
Dell,laptop,3,72700.0,74,excellent,16,1024,1,0,74864.41
MSI,laptop,58,177700.0,10,poor,4,512,0,1,62526.83
Apple,laptop,57,170700.0,25,poor,8,256,0,2,58884.31
Acer,laptop,1,31800.0,89,new,8,1024,1,0,31521.14
Asus,laptop,25,61100.0,66,excellent,8,256,1,1,46052.78
Vivo,phone,32,33600.0,33,fair,16,256,0,2,18960.19
Vivo,phone,32,28200.0,41,fair,16,256,1,0,17948.72
Apple,phone,3,59600.0,23,poor,32,128,1,0,52966.32
MSI,laptop,15,77100.0,99,new,4,1024,0,0,68907.74
Oppo,phone,56,19800.0,60,good,12,128,0,0,9232.51
Oppo,phone,25,32000.0,30,fair,6,512,1,0,22835.39
Asus,laptop,9,66600.0,48,good,64,256,0,0,59224.0
Oppo,phone,32,42300.0,40,fair,16,256,0,0,27548.68
HP,laptop,19,87800.0,61,good,64,256,0,0,67058.31
Realme,phone,8,26600.0,72,excellent,6,128,1,0,25871.0
Realme,phone,53,10900.0,75,excellent,32,512,1,0,5876.12
MSI,laptop,8,125900.0,66,excellent,16,1024,1,2,113471.57
Xiaomi,phone,19,28700.0,60,good,32,256,0,0,22115.18
Xiaomi,phone,18,10200.0,19,poor,8,512,1,2,6746.29
Acer,laptop,16,71600.0,6,poor,4,256,0,0,52002.78
Apple,phone,2,88300.0,74,excellent,4,512,1,0,92151.9
Acer,laptop,29,60100.0,32,fair,16,1024,0,0,37463.12
HP,laptop,18,51800.0,37,fair,32,512,1,0,38794.13
Lenovo,laptop,9,72900.0,77,excellent,32,256,1,0,70498.07
HP,laptop,32,57900.0,46,good,32,512,0,0,39345.84
Oppo,phone,15,25300.0,5,poor,16,512,1,0,18943.41
Acer,laptop,54,82200.0,11,poor,16,512,1,0,36491.84
Lenovo,laptop,42,59600.0,34,fair,4,1024,0,1,30568.1
Samsung,phone,49,22600.0,49,good,8,256,0,1,10801.15
Acer,laptop,19,85700.0,70,excellent,64,256,0,0,69166.52
Samsung,phone,8,72700.0,98,new,4,64,1,0,71651.19
Samsung,phone,8,74800.0,66,excellent,6,512,1,1,67115.06
Lenovo,laptop,59,65200.0,74,excellent,16,1024,1,2,30829.61
Xiaomi,phone,57,34400.0,27,fair,4,512,1,0,14517.35
Lenovo,laptop,12,85300.0,82,excellent,32,256,1,1,71702.9
OnePlus,phone,45,44500.0,72,excellent,12,256,1,0,28239.24
Vivo,phone,2,13400.0,76,excellent,12,128,0,0,13377.0
Lenovo,laptop,27,87500.0,43,fair,16,1024,1,2,56236.11
Apple,laptop,16,104900.0,61,good,32,1024,0,0,87731.95
Asus,laptop,1,55900.0,59,good,32,1024,0,0,57808.47
HP,laptop,3,37800.0,98,new,16,256,1,0,38209.17
Apple,phone,8,137500.0,42,fair,6,512,1,1,117607.66
Vivo,phone,5,23700.0,94,new,16,64,1,0,24036.91
Dell,laptop,41,113700.0,35,fair,64,256,0,0,60929.08
OnePlus,phone,16,31900.0,26,fair,6,512,0,0,23050.97
Acer,laptop,23,31600.0,42,fair,64,1024,0,2,20737.77
OnePlus,phone,48,25400.0,97,new,16,128,0,0,15311.89
Apple,phone,58,59900.0,36,fair,12,64,1,0,26244.89
Asus,laptop,11,43700.0,26,fair,8,512,1,1,33900.11
Apple,laptop,23,103300.0,41,fair,4,512,0,0,70590.52
Xiaomi,phone,9,39500.0,56,good,8,256,0,0,33601.47
OnePlus,phone,28,28600.0,91,new,4,512,1,0,23820.13
Realme,phone,48,14100.0,33,fair,16,64,1,0,7500.1
Dell,laptop,24,95700.0,86,new,64,256,0,0,72791.74
Asus,laptop,47,106300.0,63,good,64,256,1,2,58447.48
Apple,laptop,34,131800.0,46,good,32,256,1,0,85826.78
Xiaomi,phone,2,38100.0,77,excellent,8,64,0,0,37645.45
Lenovo,laptop,24,39200.0,60,good,64,512,1,0,29812.51
Samsung,phone,24,65500.0,89,new,32,512,1,0,51680.45
Acer,laptop,38,26900.0,85,excellent,64,512,1,0,19202.38
Acer,laptop,49,52700.0,82,excellent,4,256,0,1,28587.87
MSI,laptop,31,78700.0,66,excellent,32,512,1,0,54456.35
Asus,laptop,11,72300.0,78,excellent,64,1024,1,0,66759.61
Vivo,phone,27,32000.0,40,fair,6,128,0,2,19114.33
Acer,laptop,5,65800.0,61,good,4,512,1,3,56420.16
Realme,phone,44,21900.0,87,new,4,128,0,0,14182.72
Apple,laptop,52,164100.0,40,fair,4,512,1,0,79676.98
Oppo,phone,9,21300.0,72,excellent,6,256,0,1,19632.46
MSI,laptop,34,131000.0,24,poor,8,512,1,0,82626.58
Samsung,phone,5,75900.0,78,excellent,12,256,0,0,76024.15
OnePlus,phone,41,62900.0,59,good,12,64,1,0,40639.95
Asus,laptop,49,91900.0,63,good,8,1024,1,1,51289.91
Acer,laptop,33,86800.0,27,fair,64,1024,1,1,50330.94
Oppo,phone,33,13800.0,75,excellent,12,512,1,0,9791.53
MSI,laptop,58,105000.0,84,excellent,4,1024,0,0,54235.76
Lenovo,laptop,26,67500.0,46,good,64,1024,0,1,43983.19
Acer,laptop,16,64500.0,25,poor,8,256,0,0,49628.19
HP,laptop,14,38600.0,63,good,16,1024,0,1,30481.4
MSI,laptop,49,114000.0,95,new,64,1024,0,0,68448.43
Realme,phone,23,12800.0,88,new,32,128,1,0,10452.93
Realme,phone,30,26800.0,45,fair,6,256,1,0,18159.35
HP,laptop,47,86700.0,42,fair,4,512,0,1,44803.97
Vivo,phone,33,21300.0,81,excellent,6,128,1,1,15246.41
Samsung,phone,15,83400.0,36,fair,4,128,0,1,58832.32
Acer,laptop,49,76000.0,55,good,64,1024,1,0,42174.23
MSI,laptop,11,67000.0,19,poor,16,256,0,3,44214.43
Acer,laptop,55,59800.0,70,excellent,32,512,1,0,32119.16
Realme,phone,4,29800.0,69,excellent,4,64,1,1,29415.81
Realme,phone,18,24400.0,8,poor,6,128,1,2,16031.06
Realme,phone,10,23600.0,85,excellent,6,64,0,0,21666.75
OnePlus,phone,6,49200.0,17,poor,32,64,0,1,39810.43
Oppo,phone,17,14200.0,13,poor,6,256,1,0,9921.13
HP,laptop,1,49900.0,95,new,8,512,1,0,50954.37
MSI,laptop,12,120600.0,32,fair,8,256,0,0,91361.93
Vivo,phone,38,35500.0,25,poor,12,256,1,2,18848.23
HP,laptop,43,59300.0,61,good,16,512,1,0,37552.89
OnePlus,phone,58,44200.0,61,good,6,256,1,0,21123.56
Apple,phone,34,86200.0,89,new,32,128,0,0,64249.05
Apple,laptop,9,126900.0,87,new,16,512,0,0,115554.22
HP,laptop,51,99000.0,20,poor,4,1024,1,0,45864.26
HP,laptop,44,90300.0,20,poor,16,1024,0,0,44172.52
Dell,laptop,4,55800.0,42,fair,8,256,0,0,50808.14
Realme,phone,45,34000.0,52,good,8,128,0,0,18743.36
Dell,laptop,11,42400.0,44,fair,64,1024,0,0,34374.65
MSI,laptop,59,63900.0,71,excellent,32,512,0,0,30954.35
OnePlus,phone,19,30800.0,80,excellent,12,512,0,0,25116.47
Oppo,phone,46,35800.0,72,excellent,4,64,0,3,18546.25
Apple,laptop,38,108200.0,62,good,8,256,0,0,66860.7
Apple,laptop,39,82000.0,89,new,64,512,0,0,54980.13
Oppo,phone,19,22100.0,87,new,8,512,1,0,19302.8
Asus,laptop,37,80800.0,19,poor,16,256,1,0,47689.89
Apple,laptop,39,115900.0,53,good,8,1024,1,0,73486.77
MSI,laptop,7,72600.0,34,fair,64,512,1,0,65012.71
HP,laptop,23,33800.0,9,poor,8,256,1,2,20423.53
Oppo,phone,16,42800.0,78,excellent,12,256,1,0,38398.64
Asus,laptop,9,59500.0,73,excellent,64,1024,1,1,51880.52
Xiaomi,phone,19,33400.0,68,excellent,12,256,1,0,26083.04
Dell,laptop,6,99700.0,70,excellent,4,256,0,0,93086.09
HP,laptop,19,81300.0,79,excellent,64,256,0,0,65964.11
Xiaomi,phone,52,12500.0,88,new,8,64,0,2,6662.56
Apple,phone,10,80400.0,38,fair,12,256,1,0,70906.2
MSI,laptop,14,78100.0,48,good,4,512,1,1,64129.96
Acer,laptop,8,30200.0,98,new,16,512,1,0,28668.06
Xiaomi,phone,4,39800.0,55,good,12,128,0,0,39627.03
Dell,laptop,12,38600.0,53,good,16,512,1,2,31741.39
Realme,phone,40,25300.0,45,fair,6,512,1,0,15218.38
Samsung,phone,1,38700.0,66,excellent,32,512,0,0,38496.5
Realme,phone,34,23000.0,21,poor,12,128,1,0,13865.08
OnePlus,phone,53,69700.0,84,excellent,4,128,1,0,38493.95
Vivo,phone,47,23700.0,58,good,4,256,1,0,13096.01
HP,laptop,34,82600.0,80,excellent,32,1024,1,0,61535.6
MSI,laptop,17,92100.0,25,poor,8,1024,1,2,65180.17
Oppo,phone,41,17000.0,74,excellent,6,64,0,0,10583.55
Asus,laptop,48,57900.0,17,poor,32,512,1,0,28019.6
Apple,phone,47,75400.0,87,new,12,128,0,2,43149.4
HP,laptop,33,96000.0,26,fair,32,256,0,0,58037.64
Apple,phone,50,68700.0,10,poor,8,512,1,0,29916.21
HP,laptop,21,66700.0,96,new,32,1024,1,1,57474.43
Acer,laptop,25,84600.0,45,fair,16,512,0,0,57330.98
Apple,laptop,13,108100.0,11,poor,8,256,0,1,74073.8
Lenovo,laptop,24,35000.0,11,poor,32,256,0,1,21297.9
Dell,laptop,42,89100.0,92,new,64,256,0,0,60874.57
Lenovo,laptop,43,57100.0,65,good,16,256,0,0,34667.02
Asus,laptop,24,65800.0,41,fair,16,1024,0,0,48280.58
Acer,laptop,56,35100.0,80,excellent,8,1024,0,1,16765.26
Apple,laptop,13,180900.0,23,poor,8,512,1,0,137766.94
Oppo,phone,20,17900.0,25,poor,32,128,1,0,12406.23
Asus,laptop,36,117100.0,95,new,8,512,1,0,85382.91
Oppo,phone,10,30500.0,45,fair,12,64,1,1,25086.11
Acer,laptop,43,86700.0,5,poor,16,512,1,0,41377.86
Xiaomi,phone,15,13700.0,10,poor,6,256,0,0,9871.45
Oppo,phone,46,38000.0,71,excellent,6,128,1,0,22510.35
Samsung,phone,11,80800.0,63,good,8,512,0,0,66918.42
HP,laptop,59,38200.0,10,poor,32,512,0,0,13513.67
Acer,laptop,39,85600.0,15,poor,4,512,0,0,44739.42
MSI,laptop,44,181200.0,92,new,4,256,0,0,119796.77
Lenovo,laptop,10,40600.0,17,poor,32,256,1,0,32893.65
Realme,phone,4,20400.0,97,new,6,512,0,0,20638.87
OnePlus,phone,36,35600.0,68,excellent,12,64,1,0,24542.43
Vivo,phone,6,38000.0,64,good,16,256,1,1,34283.84
Apple,phone,16,109800.0,25,poor,6,64,1,0,86003.8
Lenovo,laptop,57,33000.0,40,fair,32,256,0,0,14385.97
Asus,laptop,7,78800.0,40,fair,4,1024,0,0,70701.55
Apple,phone,31,109500.0,82,excellent,16,512,1,1,77057.99
HP,laptop,18,39200.0,17,poor,64,1024,0,1,25387.5
Dell,laptop,23,119000.0,22,poor,4,1024,1,3,72730.98
Xiaomi,phone,7,33400.0,72,excellent,16,64,1,0,31811.98
MSI,laptop,22,193600.0,99,new,16,512,1,1,154650.13
Acer,laptop,7,72600.0,88,new,8,512,1,0,73934.67
Apple,laptop,13,184900.0,37,fair,32,256,0,1,142694.95
Oppo,phone,35,34600.0,87,new,6,256,0,0,24782.01
HP,laptop,23,63700.0,71,excellent,32,1024,1,0,49646.36
HP,laptop,6,71600.0,57,good,4,1024,0,1,66286.5
Oppo,phone,18,31400.0,48,good,4,64,1,0,23546.97
Dell,laptop,32,63400.0,15,poor,32,1024,1,2,36519.29
Apple,phone,16,86100.0,70,excellent,8,256,1,0,75394.95
Lenovo,laptop,46,38800.0,87,new,64,1024,1,0,26152.8
Asus,laptop,40,113300.0,53,good,8,1024,1,1,70064.93
Acer,laptop,57,36500.0,94,new,4,256,0,0,20779.82
Xiaomi,phone,50,11300.0,35,fair,32,512,0,0,5523.24
OnePlus,phone,29,57600.0,99,new,32,256,1,0,44466.15
Realme,phone,38,28900.0,37,fair,6,512,0,0,16609.3
Lenovo,laptop,11,91100.0,80,excellent,32,1024,0,0,78079.72
Xiaomi,phone,4,33500.0,52,good,16,256,0,0,32001.45
Lenovo,laptop,34,84000.0,86,new,32,256,0,0,62109.6
Acer,laptop,3,58200.0,89,new,16,1024,0,0,56398.69
Apple,laptop,47,199900.0,50,good,64,1024,1,0,116437.26
Samsung,phone,30,74800.0,37,fair,4,128,1,0,49809.23
Apple,laptop,41,180800.0,54,good,64,512,1,0,106331.16
Lenovo,laptop,47,47000.0,99,new,4,1024,0,0,31323.82
Acer,laptop,35,42900.0,36,fair,8,256,0,0,25913.5
Realme,phone,26,34900.0,94,new,4,512,0,0,27506.83
Xiaomi,phone,49,39500.0,40,fair,4,128,1,0,20348.66
HP,laptop,26,67200.0,39,fair,16,256,0,0,48148.91
OnePlus,phone,31,46400.0,45,fair,6,64,1,0,30078.43
Realme,phone,55,16000.0,66,excellent,6,512,1,0,8391.64
Oppo,phone,10,22000.0,28,fair,8,128,1,0,18520.68
Dell,laptop,23,77500.0,49,good,64,1024,1,0,58908.13
OnePlus,phone,2,47600.0,10,poor,16,512,0,0,41686.45
Oppo,phone,18,44100.0,47,good,8,64,0,0,35010.43
OnePlus,phone,22,47500.0,27,fair,4,128,0,1,31922.65
HP,laptop,4,45300.0,92,new,4,512,0,0,43532.11
Acer,laptop,16,75400.0,10,poor,64,512,1,1,51878.29
Vivo,phone,36,14300.0,36,fair,8,64,1,0,8735.86
Vivo,phone,36,16600.0,86,new,6,512,1,0,11969.78
Asus,laptop,44,44700.0,99,new,32,512,0,2,27871.88
Lenovo,laptop,55,98500.0,98,new,8,256,0,0,58696.63
Xiaomi,phone,14,16200.0,39,fair,8,128,0,0,13044.32
Dell,laptop,12,97100.0,71,excellent,64,512,1,0,85531.42
Apple,phone,49,73100.0,20,poor,6,512,1,0,35064.34
MSI,laptop,45,119800.0,23,poor,16,256,0,1,55505.45
Apple,phone,1,143400.0,81,excellent,8,64,0,0,141710.2
Apple,laptop,19,172000.0,21,poor,8,1024,0,0,119022.78
Oppo,phone,56,36900.0,60,good,16,128,0,1,17366.71
Apple,laptop,26,194300.0,61,good,64,256,0,0,139241.81
Dell,laptop,9,88600.0,46,good,16,512,0,0,74117.68
Realme,phone,34,14500.0,11,poor,4,64,1,0,8207.31
Realme,phone,8,21600.0,21,poor,16,512,0,1,17740.2
OnePlus,phone,40,63700.0,49,good,32,128,0,0,38174.26
Asus,laptop,11,106700.0,56,good,4,512,1,0,89261.4
Apple,phone,41,58900.0,81,excellent,16,256,0,0,36404.5
OnePlus,phone,27,31400.0,40,fair,8,512,1,2,19974.38
Realme,phone,54,21600.0,54,good,32,64,1,0,10512.65
Lenovo,laptop,38,40300.0,14,poor,32,512,1,1,20548.16
HP,laptop,27,80400.0,86,new,8,1024,1,1,62385.32
MSI,laptop,38,136400.0,54,good,16,256,1,3,74732.78
Samsung,phone,39,86800.0,63,good,8,64,1,0,55620.09
Realme,phone,5,19700.0,32,fair,4,256,0,0,17719.76
Realme,phone,42,20300.0,90,new,12,256,1,0,14204.38
OnePlus,phone,12,34600.0,98,new,6,512,0,0,31620.2
Samsung,phone,12,26400.0,48,good,4,512,0,1,20491.2
Realme,phone,29,27500.0,50,good,32,64,1,1,19173.94
Lenovo,laptop,2,82600.0,63,good,32,1024,1,0,79661.32
OnePlus,phone,23,56500.0,84,excellent,12,256,0,0,44409.31
OnePlus,phone,51,41100.0,6,poor,4,512,1,0,17367.35
Asus,laptop,7,124200.0,96,new,32,512,0,0,125215.06
Dell,laptop,29,62100.0,38,fair,32,256,1,0,41499.02
Apple,phone,28,99200.0,22,poor,32,512,1,0,62261.39
Dell,laptop,25,67800.0,12,poor,8,256,0,2,40565.39
Apple,laptop,19,151700.0,73,excellent,32,256,1,0,123214.55
Realme,phone,50,9900.0,11,poor,4,512,1,0,4658.01
Realme,phone,36,13100.0,98,new,32,256,0,0,9861.47
OnePlus,phone,40,25900.0,91,new,4,256,1,0,17220.05
Xiaomi,phone,49,16700.0,42,fair,16,64,0,0,8755.81
HP,laptop,2,47500.0,43,fair,8,256,0,0,46447.51
Samsung,phone,19,97300.0,13,poor,8,64,0,0,69675.62
Realme,phone,47,27000.0,93,new,32,512,1,0,17544.34
Dell,laptop,4,96000.0,99,new,8,1024,0,2,97408.69
Apple,laptop,5,124400.0,49,good,32,256,0,3,101002.5
Samsung,phone,22,28400.0,82,excellent,12,512,0,2,20992.92
Realme,phone,48,18900.0,22,poor,8,512,1,0,9596.24
Vivo,phone,11,30100.0,31,fair,16,64,0,0,24428.6
Apple,laptop,4,184000.0,63,good,4,256,0,0,184879.09
Realme,phone,3,13400.0,20,poor,6,512,0,1,11691.74
Acer,laptop,33,76000.0,13,poor,4,256,0,0,43427.92
MSI,laptop,14,104600.0,31,fair,4,512,1,3,70605.81
HP,laptop,52,102100.0,87,new,16,1024,0,0,60690.15
MSI,laptop,30,121200.0,98,new,16,1024,1,0,97148.8
Dell,laptop,25,117600.0,84,excellent,4,1024,0,0,88042.69
Dell,laptop,4,74000.0,46,good,16,512,0,1,67583.99
Asus,laptop,28,100400.0,58,good,64,256,0,0,70535.53
OnePlus,phone,3,74000.0,64,good,6,128,1,0,73264.01
Apple,phone,16,63000.0,10,poor,12,256,1,0,48044.73
Samsung,phone,38,57800.0,73,excellent,4,512,0,2,36257.61
Lenovo,laptop,8,60100.0,81,excellent,64,256,0,0,54118.16
Asus,laptop,14,96400.0,35,fair,64,512,1,2,68468.72
Samsung,phone,13,83400.0,100,new,8,64,0,0,77052.19
Apple,laptop,21,195600.0,34,fair,8,512,0,1,133650.98
Xiaomi,phone,38,14100.0,36,fair,16,512,0,0,8114.46
Dell,laptop,55,85900.0,84,excellent,32,256,1,0,50039.26
Xiaomi,phone,37,13100.0,66,excellent,4,256,1,0,8845.71
Samsung,phone,35,20700.0,76,excellent,4,128,0,1,13628.39
Apple,phone,37,53100.0,98,new,4,64,0,0,38756.47
Oppo,phone,47,43100.0,96,new,12,64,0,0,28542.48
HP,laptop,12,40200.0,63,good,64,1024,0,0,34422.45
Vivo,phone,30,13800.0,90,new,12,256,0,0,10829.21
OnePlus,phone,42,54900.0,39,fair,16,256,0,1,30077.37
MSI,laptop,30,128700.0,32,fair,32,512,0,0,79784.21
MSI,laptop,14,149200.0,81,excellent,8,512,1,0,138528.11
Oppo,phone,44,39900.0,74,excellent,6,128,0,0,24874.44
Samsung,phone,55,48100.0,86,new,12,256,0,1,26006.19
Samsung,phone,26,71300.0,70,excellent,12,512,0,0,53333.9
MSI,laptop,20,80400.0,25,poor,4,1024,1,2,52894.76
Samsung,phone,56,53000.0,28,fair,6,64,0,0,22684.85
Acer,laptop,49,41300.0,79,excellent,8,1024,0,0,23189.9
Asus,laptop,6,115500.0,81,excellent,16,512,0,2,106411.91
HP,laptop,43,63000.0,61,good,64,1024,1,0,36870.21
Xiaomi,phone,36,25800.0,74,excellent,4,256,1,2,16669.99
OnePlus,phone,30,31900.0,42,fair,12,512,1,1,21460.4
Xiaomi,phone,43,34100.0,28,fair,32,64,0,0,18669.68
Samsung,phone,7,85500.0,42,fair,32,256,0,0,72586.42
MSI,laptop,58,135200.0,58,good,16,256,0,2,57427.73
Xiaomi,phone,59,13600.0,84,excellent,12,256,1,2,6685.05
Acer,laptop,46,59300.0,72,excellent,64,256,0,1,34355.49
Apple,phone,23,111300.0,84,excellent,32,512,1,3,78335.07
Dell,laptop,7,85200.0,96,new,16,256,0,0,87510.9
Asus,laptop,42,117000.0,45,fair,64,1024,1,0,68263.38
MSI,laptop,23,180100.0,91,new,32,1024,0,0,150129.72
HP,laptop,25,76500.0,64,good,32,1024,1,1,56907.39
OnePlus,phone,47,57400.0,84,excellent,16,512,1,1,32737.71
Lenovo,laptop,53,64500.0,36,fair,4,256,0,1,29366.59
Asus,laptop,39,35300.0,47,good,64,512,0,0,20625.98
Lenovo,laptop,22,74800.0,22,poor,32,512,0,0,48613.52
Asus,laptop,20,82200.0,37,fair,32,256,0,3,53956.75
Asus,laptop,38,67500.0,51,good,32,256,1,0,42390.51
Vivo,phone,32,28800.0,67,excellent,8,128,1,0,20626.03
Apple,phone,24,136700.0,76,excellent,32,128,0,0,102881.5
Xiaomi,phone,6,20000.0,17,poor,8,256,1,1,16495.45
Realme,phone,17,19300.0,77,excellent,16,64,1,0,17186.82
Dell,laptop,36,50700.0,31,fair,8,512,0,1,28389.2
Acer,laptop,29,60000.0,32,fair,4,256,1,0,38127.35
Xiaomi,phone,23,18700.0,71,excellent,16,64,0,0,14070.23
Acer,laptop,49,70900.0,90,new,64,1024,1,0,42639.83
Xiaomi,phone,15,39000.0,28,fair,16,128,1,0,30762.8
Lenovo,laptop,4,69200.0,92,new,16,512,0,0,69013.63
Vivo,phone,50,10900.0,100,new,4,256,1,0,7191.21
Asus,laptop,43,42700.0,100,new,64,1024,0,0,27282.52
Acer,laptop,14,61600.0,66,excellent,4,1024,0,0,53890.7
Apple,laptop,23,82500.0,52,good,4,512,1,3,54465.11
Dell,laptop,4,56300.0,9,poor,8,1024,1,0,49126.19
Realme,phone,29,33900.0,41,fair,8,512,0,0,23093.55
HP,laptop,16,42700.0,10,poor,16,256,0,0,30967.88
Apple,laptop,17,161100.0,81,excellent,4,1024,0,2,123843.51
Asus,laptop,4,41800.0,49,good,4,512,0,1,36153.44
Realme,phone,38,17900.0,50,good,8,512,0,0,10879.07
Asus,laptop,38,113100.0,92,new,64,1024,0,0,78630.99
Xiaomi,phone,56,14400.0,29,fair,4,64,0,1,5789.58
Acer,laptop,36,77200.0,31,fair,8,256,0,1,41426.26
Vivo,phone,11,22200.0,68,excellent,16,128,0,0,19489.29
MSI,laptop,37,91000.0,97,new,16,512,1,0,67393.71
Samsung,phone,33,98900.0,40,fair,6,256,0,0,64790.65
Samsung,phone,31,77500.0,69,excellent,32,256,1,0,56035.82
Dell,laptop,54,73200.0,64,good,8,1024,1,0,38268.64
Dell,laptop,37,80600.0,62,good,4,512,1,0,52152.49
MSI,laptop,13,158500.0,87,new,64,256,0,0,147123.83
Apple,laptop,42,115100.0,90,new,8,512,1,1,72305.9
MSI,laptop,59,95500.0,21,poor,64,1024,1,0,37144.69
Samsung,phone,40,60300.0,97,new,6,128,1,0,43422.34
Samsung,phone,39,95500.0,6,poor,12,512,0,1,45957.82
MSI,laptop,43,191300.0,60,good,64,1024,0,0,117570.47
Dell,laptop,28,69700.0,71,excellent,8,512,0,0,53252.07
Apple,phone,40,108100.0,60,good,8,128,0,0,63505.7
Samsung,phone,30,94200.0,36,fair,16,128,0,0,60424.67
Realme,phone,22,18300.0,98,new,4,128,1,1,15417.7
Realme,phone,18,32600.0,41,fair,8,128,0,1,22814.18
Dell,laptop,56,86200.0,27,fair,4,256,1,0,39031.12
Apple,laptop,43,179100.0,62,good,4,512,0,0,105149.72
Apple,laptop,15,189000.0,49,good,8,1024,1,2,136771.03
Lenovo,laptop,56,86800.0,81,excellent,64,1024,0,0,47732.77
HP,laptop,48,56100.0,34,fair,8,1024,1,0,28499.19
Dell,laptop,16,59800.0,32,fair,8,512,1,1,43111.28
Dell,laptop,52,38700.0,16,poor,16,256,0,1,15967.79
Realme,phone,29,10100.0,89,new,12,128,0,0,7972.83
Vivo,phone,11,35500.0,28,fair,8,128,0,0,28486.58
MSI,laptop,10,176000.0,36,fair,4,256,1,1,149800.43
Asus,laptop,57,124000.0,75,excellent,4,512,1,0,65919.61
Xiaomi,phone,19,14200.0,62,good,6,128,1,0,11953.58
OnePlus,phone,37,75700.0,68,excellent,12,128,1,0,53503.7
Asus,laptop,16,36400.0,12,poor,32,512,0,2,24253.67
Apple,phone,8,111100.0,99,new,8,256,1,0,108966.77
Acer,laptop,26,42600.0,22,poor,8,1024,0,0,28888.26
Xiaomi,phone,30,23200.0,57,good,4,256,0,1,14613.68
Acer,laptop,57,35500.0,86,new,32,1024,0,0,18979.4
Samsung,phone,47,74300.0,7,poor,8,128,0,0,33414.25
Lenovo,laptop,54,31800.0,74,excellent,64,256,0,0,17330.45
OnePlus,phone,20,52500.0,77,excellent,4,256,1,1,42109.65
Lenovo,laptop,19,40900.0,35,fair,32,1024,1,0,30518.13
Samsung,phone,16,24700.0,56,good,8,64,1,0,19788.12
Asus,laptop,50,116600.0,55,good,4,512,1,3,52309.57
Vivo,phone,33,33900.0,25,poor,8,256,0,1,19111.45
Asus,laptop,40,77700.0,19,poor,4,1024,0,0,42888.02
Samsung,phone,52,45200.0,98,new,32,128,0,3,21931.44
Samsung,phone,14,43100.0,16,poor,6,128,0,0,31951.13
Samsung,phone,59,72100.0,38,fair,8,64,1,0,32939.16
Apple,phone,17,106500.0,74,excellent,16,512,1,0,90044.41
Xiaomi,phone,52,33500.0,64,good,8,128,1,1,17682.48
Lenovo,laptop,19,38500.0,100,new,32,256,0,0,34057.67
Acer,laptop,15,57000.0,100,new,16,1024,1,0,53345.1
Xiaomi,phone,16,29200.0,97,new,8,256,1,0,25969.14
HP,laptop,45,33900.0,93,new,8,1024,0,0,22057.1
Apple,phone,38,127500.0,75,excellent,6,64,1,0,87711.03
HP,laptop,17,39000.0,13,poor,64,512,0,0,27503.3
Lenovo,laptop,46,66400.0,66,excellent,64,512,1,0,38028.66
HP,laptop,17,48400.0,56,good,64,256,1,1,38188.3
Vivo,phone,58,28200.0,91,new,12,64,0,0,15026.77
Samsung,phone,19,50600.0,83,excellent,6,512,0,0,42047.41
Asus,laptop,51,68200.0,63,good,32,512,0,1,33645.8
OnePlus,phone,10,77100.0,68,excellent,6,256,0,0,66101.64
Realme,phone,32,17600.0,30,fair,16,256,1,2,10067.91
Realme,phone,8,21800.0,26,fair,16,256,1,0,19231.94
OnePlus,phone,14,61800.0,37,fair,12,128,0,1,45450.09
MSI,laptop,3,153800.0,81,excellent,16,256,0,0,158929.03
Vivo,phone,3,31400.0,89,new,12,512,1,1,31701.5
HP,laptop,57,42100.0,64,good,8,512,0,1,18911.95
Apple,laptop,10,165200.0,78,excellent,32,256,1,1,150513.47
Asus,laptop,8,48800.0,65,good,32,512,1,0,45844.96
Vivo,phone,31,16700.0,59,good,32,64,1,0,11481.81
Oppo,phone,10,30100.0,31,fair,12,256,0,1,22949.46
MSI,laptop,19,118500.0,35,fair,32,1024,1,0,86443.57
Xiaomi,phone,40,28800.0,72,excellent,32,256,1,2,16587.43
Oppo,phone,9,21300.0,14,poor,8,256,0,0,16823.38
Asus,laptop,38,87300.0,69,excellent,64,1024,1,0,56694.05
Dell,laptop,53,69700.0,96,new,4,512,1,0,43727.25
Apple,phone,56,119300.0,62,good,8,512,0,0,61300.85
Samsung,phone,8,57300.0,53,good,6,128,0,0,49183.06
Asus,laptop,55,62600.0,53,good,8,1024,0,0,29194.14
OnePlus,phone,42,31900.0,12,poor,12,256,1,0,16246.79
Samsung,phone,32,45900.0,11,poor,16,512,0,0,25787.16
Samsung,phone,20,94500.0,79,excellent,8,256,1,0,76967.88
Xiaomi,phone,9,32200.0,9,poor,12,512,0,0,25123.57
Vivo,phone,24,18800.0,89,new,12,512,1,2,14381.19
Xiaomi,phone,44,28800.0,57,good,32,64,0,0,15992.91
Asus,laptop,44,86600.0,12,poor,32,1024,1,0,45207.81
Xiaomi,phone,46,16100.0,70,excellent,6,128,0,2,8376.49
MSI,laptop,52,112600.0,100,new,4,512,0,0,66372.13
Oppo,phone,53,19900.0,9,poor,4,512,0,0,8337.51
Dell,laptop,24,52200.0,18,poor,64,256,0,0,34307.39
OnePlus,phone,33,59300.0,59,good,16,128,0,0,38970.07
Samsung,phone,49,61600.0,41,fair,12,512,0,0,30050.37
Acer,laptop,54,31100.0,65,good,16,1024,0,0,16302.63
Xiaomi,phone,18,24900.0,31,fair,12,256,1,2,17299.86
MSI,laptop,39,126800.0,41,fair,8,512,0,1,71452.85
OnePlus,phone,51,51400.0,64,good,4,512,0,0,26629.25
OnePlus,phone,28,63400.0,75,excellent,8,256,1,2,43916.66
Oppo,phone,25,12600.0,83,excellent,6,64,0,1,9072.26
Apple,laptop,16,159900.0,92,new,16,512,1,0,140204.6
Xiaomi,phone,2,34500.0,47,good,32,128,1,1,32525.54
Acer,laptop,8,55300.0,56,good,8,256,1,0,50098.59
Acer,laptop,2,27300.0,12,poor,64,1024,1,0,25657.43
Dell,laptop,18,81100.0,67,excellent,4,256,0,0,66542.12
Apple,laptop,4,111400.0,74,excellent,4,256,1,0,107806.11
Lenovo,laptop,29,96200.0,41,fair,16,1024,1,0,66050.56
Xiaomi,phone,48,38900.0,23,poor,12,512,1,1,17335.05
HP,laptop,41,80300.0,21,poor,8,1024,1,0,45373.09
Samsung,phone,8,30000.0,72,excellent,6,64,1,0,28700.04
OnePlus,phone,2,35400.0,65,good,8,64,1,0,34582.6
Realme,phone,32,11500.0,92,new,16,128,1,0,8832.33
Dell,laptop,23,47000.0,22,poor,8,1024,0,0,33112.71
HP,laptop,10,47800.0,7,poor,16,512,1,0,36223.34
Acer,laptop,36,82500.0,31,fair,64,1024,0,1,44722.84
Vivo,phone,5,25800.0,32,fair,4,64,1,0,24468.53
Samsung,phone,19,52100.0,38,fair,12,256,0,0,37838.47
Apple,phone,11,54400.0,79,excellent,16,256,1,1,48023.91
Oppo,phone,46,27400.0,29,fair,32,128,1,0,14427.75
Acer,laptop,29,36800.0,46,good,16,512,0,3,22221.23
Vivo,phone,6,19700.0,32,fair,32,512,1,0,17642.08
Acer,laptop,17,56400.0,17,poor,8,256,1,0,43443.76
MSI,laptop,16,118100.0,94,new,8,1024,1,0,104527.77
Realme,phone,6,21400.0,89,new,6,64,1,0,21945.5
Asus,laptop,5,98100.0,59,good,4,1024,1,1,89532.32
HP,laptop,9,104300.0,42,fair,4,1024,1,3,81024.22
Acer,laptop,5,70600.0,100,new,16,256,1,0,67376.07
Apple,laptop,23,161400.0,21,poor,8,256,1,0,114561.12
Realme,phone,44,12300.0,86,new,16,256,0,0,8022.51
HP,laptop,52,75900.0,46,good,16,256,0,0,38457.66
Apple,phone,29,66300.0,99,new,32,64,0,0,53022.13
Lenovo,laptop,32,39000.0,67,excellent,8,1024,0,0,25815.86
Asus,laptop,8,39100.0,24,poor,64,512,1,0,31816.22
MSI,laptop,30,160900.0,52,good,32,1024,0,3,95901.5
Xiaomi,phone,39,35500.0,96,new,4,256,1,0,26366.99
Oppo,phone,45,16000.0,74,excellent,12,256,0,0,9994.95
Xiaomi,phone,14,31600.0,71,excellent,32,512,0,0,27506.9
Lenovo,laptop,22,92100.0,73,excellent,64,1024,1,1,74304.69
Lenovo,laptop,18,42500.0,47,good,64,256,0,0,32866.05
Vivo,phone,2,23300.0,64,good,8,512,1,0,22304.73
Lenovo,laptop,12,34900.0,11,poor,32,256,1,0,25557.96
Acer,laptop,47,31700.0,46,good,64,512,1,0,17854.77
Oppo,phone,52,34900.0,16,poor,32,256,1,0,16371.15
Xiaomi,phone,43,24700.0,12,poor,8,256,0,1,11721.81
Xiaomi,phone,38,27900.0,76,excellent,6,256,0,0,18970.36
Dell,laptop,33,106800.0,34,fair,16,256,0,0,68377.44
HP,laptop,57,70500.0,9,poor,4,1024,0,0,26729.0
Realme,phone,53,14000.0,84,excellent,32,256,1,0,8205.29
Apple,laptop,11,124200.0,40,fair,4,1024,0,1,98269.32
Apple,laptop,33,182600.0,90,new,8,512,0,0,136398.59
Oppo,phone,13,29500.0,83,excellent,4,64,0,0,26429.42
HP,laptop,29,35800.0,47,good,4,256,1,0,24366.35
Asus,laptop,21,36800.0,14,poor,64,512,0,2,22793.0
Asus,laptop,24,84100.0,67,excellent,64,1024,1,0,62199.53
Samsung,phone,50,79200.0,42,fair,32,512,1,0,42419.91
Apple,laptop,54,117700.0,86,new,32,256,0,0,63878.65
Apple,phone,30,101500.0,79,excellent,16,256,1,0,78741.26
Vivo,phone,29,27500.0,65,good,16,256,1,1,19150.14
Apple,phone,18,90100.0,56,good,8,256,0,3,60866.36
Realme,phone,40,34000.0,5,poor,6,64,1,0,18241.54
Lenovo,laptop,14,46000.0,69,excellent,16,256,1,1,38403.83
HP,laptop,55,35400.0,20,poor,16,256,0,0,15408.18
Asus,laptop,43,87500.0,97,new,4,256,0,1,55529.88
OnePlus,phone,34,77900.0,19,poor,8,128,1,0,47903.06
Oppo,phone,4,38200.0,80,excellent,8,128,0,1,36409.42
Apple,phone,55,51100.0,60,good,12,64,0,1,24117.41
Asus,laptop,31,104300.0,79,excellent,8,512,0,0,78242.2
Asus,laptop,20,57600.0,48,good,32,512,0,0,41163.02
Xiaomi,phone,45,24800.0,66,excellent,6,128,1,0,14905.55
MSI,laptop,24,90300.0,85,excellent,16,1024,1,0,76242.14
Apple,laptop,33,116400.0,80,excellent,4,256,0,0,86892.31
OnePlus,phone,2,32000.0,94,new,6,128,0,0,30836.51
Vivo,phone,51,22400.0,40,fair,16,64,0,3,9037.19
Samsung,phone,6,32800.0,91,new,16,512,0,0,32023.04
Realme,phone,59,21200.0,76,excellent,32,128,0,1,9923.28
Apple,laptop,24,115700.0,86,new,4,256,0,1,85992.56
Dell,laptop,9,101600.0,81,excellent,64,256,1,3,83904.2
Oppo,phone,2,11600.0,66,excellent,4,512,0,2,11472.34
Apple,phone,54,132000.0,28,fair,16,512,0,1,53009.3
Oppo,phone,55,22400.0,65,good,4,512,1,0,12341.97
Apple,phone,39,58200.0,67,excellent,32,64,0,0,37458.95
Acer,laptop,15,51600.0,92,new,32,256,0,0,46172.4
OnePlus,phone,4,65800.0,30,fair,6,128,0,2,53653.55
HP,laptop,47,81600.0,94,new,4,512,1,0,53892.25
Dell,laptop,21,73500.0,60,good,8,256,1,1,54816.54
OnePlus,phone,35,36200.0,22,poor,8,256,1,0,21508.12
Dell,laptop,20,49700.0,72,excellent,32,1024,1,1,39104.73
OnePlus,phone,51,60800.0,97,new,8,128,0,1,34595.58
Apple,phone,48,99900.0,81,excellent,16,256,0,0,57794.11
Acer,laptop,52,26600.0,36,fair,8,1024,0,0,13069.85
HP,laptop,47,37500.0,23,poor,16,512,1,0,18258.01
MSI,laptop,38,70700.0,55,good,64,512,0,0,43877.47
Lenovo,laptop,14,77400.0,84,excellent,16,1024,1,0,68677.76
Xiaomi,phone,48,8100.0,70,excellent,6,64,1,0,4712.88
Acer,laptop,10,43100.0,74,excellent,64,1024,0,0,38035.0
Apple,phone,23,105200.0,25,poor,8,256,1,1,67952.13
Apple,phone,19,65000.0,32,fair,8,256,1,0,49023.8
Dell,laptop,3,118000.0,22,poor,4,256,0,0,104534.49
Acer,laptop,51,63300.0,76,excellent,16,256,0,1,33766.84
Realme,phone,15,7900.0,78,excellent,4,64,1,0,6653.87
Oppo,phone,60,42300.0,5,poor,16,512,1,0,15820.13
Asus,laptop,27,115400.0,14,poor,8,1024,1,0,77166.32
Samsung,phone,7,97000.0,42,fair,32,128,0,0,85686.82
Vivo,phone,8,36000.0,63,good,16,128,1,0,34058.01
Acer,laptop,7,59700.0,27,fair,16,256,0,0,51186.2
OnePlus,phone,29,34700.0,75,excellent,16,64,1,1,26033.32
Xiaomi,phone,59,18500.0,93,new,16,128,1,0,10442.33
Acer,laptop,6,30700.0,5,poor,4,1024,1,0,25747.69
Acer,laptop,52,44300.0,31,fair,4,256,0,2,18099.4
HP,laptop,7,78000.0,33,fair,16,1024,1,1,65133.17
MSI,laptop,51,176600.0,76,excellent,4,512,1,0,99686.67
Lenovo,laptop,26,41700.0,5,poor,4,256,0,0,25706.85
HP,laptop,14,64400.0,32,fair,32,1024,1,0,49503.05
Lenovo,laptop,30,87700.0,39,fair,16,256,1,1,55527.9
MSI,laptop,38,71700.0,89,new,64,256,1,0,51184.16
Apple,laptop,52,190500.0,13,poor,64,512,0,0,77380.59
Acer,laptop,53,59800.0,98,new,4,1024,1,0,38034.3
MSI,laptop,47,167700.0,61,good,64,256,0,1,91379.55
Apple,laptop,57,155100.0,72,excellent,16,1024,0,2,68405.73
Dell,laptop,26,111800.0,90,new,4,256,0,1,81743.93
MSI,laptop,17,192200.0,98,new,8,1024,1,0,177828.79
HP,laptop,33,59500.0,29,fair,8,1024,0,0,37406.32
MSI,laptop,48,122900.0,89,new,64,1024,1,3,67630.6
Xiaomi,phone,6,37500.0,19,poor,4,512,1,2,28807.64
Xiaomi,phone,45,12500.0,96,new,12,64,0,1,7820.8
Samsung,phone,24,77100.0,23,poor,32,512,1,0,52100.68
Asus,laptop,53,119800.0,33,fair,32,1024,1,1,52913.09
Apple,phone,11,144400.0,42,fair,8,512,1,0,127024.26
Vivo,phone,43,13700.0,73,excellent,8,128,1,2,7945.41
Apple,phone,49,80900.0,14,poor,32,128,1,0,37531.73
Acer,laptop,13,76700.0,86,new,32,256,1,0,72209.2
Lenovo,laptop,3,97200.0,38,fair,4,256,1,0,94901.68
Xiaomi,phone,15,29600.0,72,excellent,6,256,1,3,22231.07
Apple,phone,32,106400.0,91,new,32,128,1,1,80753.08
Xiaomi,phone,20,16200.0,87,new,4,512,0,2,12127.23
Apple,laptop,27,153800.0,93,new,64,1024,1,0,122699.42
Xiaomi,phone,51,37900.0,53,good,16,128,0,0,19275.76
Asus,laptop,27,36900.0,28,fair,32,256,0,1,21986.26
Apple,laptop,47,189900.0,81,excellent,4,1024,0,1,108052.21
Asus,laptop,36,106500.0,9,poor,64,256,1,1,56289.3
Apple,laptop,40,198600.0,58,good,64,1024,0,0,116946.5
Vivo,phone,13,21500.0,16,poor,12,256,1,0,15825.06
Lenovo,laptop,15,96300.0,67,excellent,64,512,1,0,82327.09
Apple,laptop,42,105300.0,87,new,64,512,0,1,62951.06
Dell,laptop,9,82800.0,97,new,16,256,1,0,78238.96
HP,laptop,9,40200.0,96,new,8,256,0,0,39673.88
Xiaomi,phone,35,32000.0,61,good,4,256,1,1,21309.72
Xiaomi,phone,43,32100.0,65,good,12,64,1,0,19695.88
Apple,laptop,17,120400.0,63,good,16,512,1,1,97036.38
Samsung,phone,27,59100.0,81,excellent,32,64,1,0,46645.47
Vivo,phone,13,39800.0,50,good,6,128,1,0,33461.95
Lenovo,laptop,21,39900.0,72,excellent,32,512,1,2,31206.45
Dell,laptop,36,104600.0,74,excellent,4,512,0,0,70910.86
Acer,laptop,18,60500.0,59,good,32,256,1,0,50432.16
Xiaomi,phone,3,13400.0,67,excellent,8,512,1,0,13389.19
Realme,phone,18,14200.0,60,good,16,512,1,0,11006.78
Acer,laptop,43,85200.0,69,excellent,64,1024,0,0,52627.5
MSI,laptop,9,183200.0,59,good,32,1024,0,3,150542.99
Lenovo,laptop,15,79800.0,11,poor,32,256,1,0,57496.51
OnePlus,phone,27,37000.0,74,excellent,4,256,1,0,27151.16
Apple,laptop,19,111000.0,90,new,32,1024,1,0,92228.75
Vivo,phone,53,23900.0,55,good,16,64,0,0,11756.31
Apple,phone,47,149000.0,77,excellent,6,512,0,1,82518.45
Apple,phone,19,121200.0,84,excellent,8,512,1,1,98449.41
Apple,laptop,42,170700.0,26,fair,4,512,0,0,87126.86
OnePlus,phone,24,47900.0,48,good,12,512,0,1,33800.95
OnePlus,phone,1,43800.0,39,fair,4,512,0,0,42867.46
OnePlus,phone,15,29800.0,21,poor,4,64,0,1,21337.91
Apple,phone,43,83300.0,23,poor,4,256,1,0,45540.01
Realme,phone,26,25300.0,63,good,16,128,1,1,18254.89
Asus,laptop,42,59400.0,66,excellent,64,256,1,0,37619.15
Samsung,phone,23,65000.0,79,excellent,6,256,0,0,49898.29
Apple,laptop,14,92300.0,86,new,4,256,0,0,80113.71
Asus,laptop,57,99800.0,58,good,4,1024,1,0,48804.94
Apple,phone,10,91100.0,27,fair,4,256,1,0,73840.64
Dell,laptop,18,50900.0,70,excellent,64,1024,1,3,38904.16
Lenovo,laptop,46,33500.0,98,new,8,512,0,1,19904.48
Oppo,phone,41,11700.0,23,poor,8,128,0,1,5827.4
Asus,laptop,32,81800.0,67,excellent,16,512,0,0,57331.41
Asus,laptop,47,52500.0,28,fair,64,1024,0,0,26303.55
Asus,laptop,8,127400.0,96,new,64,512,1,0,123347.96
Asus,laptop,31,39400.0,10,poor,4,1024,0,1,21464.62
Realme,phone,3,15100.0,12,poor,32,256,0,0,13931.38
Realme,phone,52,25600.0,63,good,8,512,1,0,13757.34
HP,laptop,26,80700.0,60,good,4,1024,0,0,57453.93
Oppo,phone,3,23100.0,23,poor,16,128,1,1,20594.3
Xiaomi,phone,33,25100.0,59,good,8,128,0,0,16266.87
Samsung,phone,24,86100.0,18,poor,12,256,0,0,54052.38
Asus,laptop,15,48900.0,84,excellent,8,512,0,0,41893.91
Samsung,phone,1,51400.0,5,poor,8,64,1,2,45427.63
Realme,phone,45,33000.0,52,good,32,64,1,0,19083.49
Lenovo,laptop,41,90600.0,26,fair,8,512,0,0,46890.14
Vivo,phone,6,36900.0,86,new,12,512,0,0,35843.83
Realme,phone,17,16400.0,12,poor,16,64,0,0,11195.18
MSI,laptop,27,125200.0,59,good,64,1024,0,0,89703.3
Xiaomi,phone,18,26700.0,76,excellent,16,512,0,0,21310.53
OnePlus,phone,57,56900.0,28,fair,12,128,0,0,22848.93
HP,laptop,1,99400.0,91,new,4,512,0,0,100622.1
Asus,laptop,2,86900.0,17,poor,8,512,0,1,73099.1
Samsung,phone,10,64000.0,45,fair,32,256,0,0,52422.79
MSI,laptop,38,114600.0,84,excellent,64,1024,1,0,78386.71
Xiaomi,phone,52,19500.0,86,new,16,128,1,0,11101.83
Apple,laptop,37,111900.0,52,good,16,256,0,1,68761.81
Apple,phone,44,60200.0,97,new,16,256,1,0,40718.6
OnePlus,phone,49,71800.0,38,fair,6,512,1,0,38972.83
OnePlus,phone,30,41100.0,29,fair,16,512,1,0,25888.57
HP,laptop,19,98300.0,89,new,32,256,0,0,84908.77
Samsung,phone,26,91600.0,95,new,8,512,1,0,72680.63
Apple,laptop,53,136000.0,47,good,8,1024,1,0,71789.97
Oppo,phone,57,12400.0,19,poor,6,128,1,2,4255.2
Apple,laptop,17,110200.0,79,excellent,16,256,1,1,87716.63
MSI,laptop,7,169900.0,84,excellent,64,256,0,0,168579.21
OnePlus,phone,5,51400.0,93,new,6,256,1,0,49072.86
Samsung,phone,1,28200.0,7,poor,16,128,1,0,25221.65
OnePlus,phone,17,74800.0,9,poor,12,256,1,0,52716.54
Acer,laptop,46,50500.0,71,excellent,16,256,1,0,29783.72
Lenovo,laptop,32,35300.0,83,excellent,16,1024,0,0,26761.62
HP,laptop,3,69200.0,76,excellent,16,256,0,2,65246.4
Xiaomi,phone,51,20100.0,69,excellent,32,256,1,0,11154.47
Vivo,phone,45,34800.0,45,fair,8,512,0,0,18892.4
MSI,laptop,7,146600.0,89,new,32,256,1,2,130564.07
Vivo,phone,53,29500.0,55,good,12,64,1,0,16085.31
Acer,laptop,14,54500.0,99,new,16,512,0,0,48530.62
Xiaomi,phone,12,15500.0,50,good,8,64,0,0,12276.43
Realme,phone,13,26500.0,98,new,32,256,1,1,23388.77
Vivo,phone,48,9400.0,51,good,16,64,0,0,5228.11
Vivo,phone,18,37400.0,18,poor,6,128,1,1,27050.23
MSI,laptop,31,64100.0,65,good,4,256,1,1,44071.13
Samsung,phone,8,57400.0,42,fair,16,512,1,2,48149.25
Apple,phone,35,124600.0,27,fair,6,512,0,0,73864.42
HP,laptop,46,56700.0,17,poor,32,512,1,0,27413.83
Vivo,phone,6,20600.0,96,new,8,64,0,0,21504.83
OnePlus,phone,34,41300.0,11,poor,4,256,0,0,24191.82
MSI,laptop,58,82900.0,23,poor,4,256,0,0,31450.66
Dell,laptop,48,111000.0,73,excellent,4,1024,0,1,62984.57
Oppo,phone,45,14400.0,39,fair,8,256,0,1,7575.31
OnePlus,phone,21,55800.0,31,fair,4,256,0,0,38185.02
Oppo,phone,30,21400.0,36,fair,16,64,1,0,14772.07
HP,laptop,35,67800.0,21,poor,64,1024,0,0,38552.18
MSI,laptop,33,132300.0,33,fair,16,512,1,1,82800.68
Realme,phone,14,33700.0,50,good,12,64,0,0,27766.35
Realme,phone,57,24000.0,36,fair,32,64,0,0,10396.95
Xiaomi,phone,2,8200.0,51,good,12,64,1,0,8018.57
Apple,phone,60,56400.0,60,good,8,128,1,2,22391.39
Asus,laptop,22,86100.0,27,fair,8,256,1,0,61980.81
Dell,laptop,11,95300.0,73,excellent,4,512,0,0,79893.07
Realme,phone,56,8400.0,96,new,4,256,1,0,4849.22
Samsung,phone,37,76300.0,16,poor,12,128,1,0,45601.27
HP,laptop,31,31400.0,18,poor,16,1024,1,0,20432.73
Xiaomi,phone,20,37400.0,89,new,6,256,1,1,29804.81
OnePlus,phone,9,66500.0,12,poor,12,64,0,1,49813.04
Lenovo,laptop,57,40400.0,57,good,64,1024,1,0,20453.93
Vivo,phone,1,13000.0,65,good,16,256,1,2,12198.46
Asus,laptop,13,89000.0,61,good,64,256,1,3,64930.65
Dell,laptop,52,78800.0,49,good,4,1024,1,1,36578.29
HP,laptop,32,32800.0,63,good,16,1024,0,3,19799.27
Oppo,phone,21,36100.0,9,poor,8,256,0,0,24188.55
Asus,laptop,23,118100.0,46,good,8,1024,1,0,86967.2
Samsung,phone,8,95300.0,81,excellent,16,256,1,0,91213.81
Asus,laptop,49,107200.0,61,good,8,1024,1,1,55772.17
Dell,laptop,36,83300.0,91,new,64,1024,0,0,59243.82
Realme,phone,40,16600.0,97,new,4,128,1,0,12206.44
Dell,laptop,33,57300.0,95,new,4,512,1,0,42101.51
Samsung,phone,1,47200.0,94,new,16,512,1,0,47911.06
Vivo,phone,14,39200.0,92,new,12,512,0,2,33204.07
MSI,laptop,15,63100.0,78,excellent,64,512,0,0,55948.14
Samsung,phone,42,45700.0,66,excellent,6,512,1,0,29629.22
HP,laptop,49,36800.0,68,excellent,16,512,0,1,19998.06
Realme,phone,21,26200.0,51,good,6,256,0,0,20278.84
Samsung,phone,9,23500.0,6,poor,6,256,0,0,17619.99
Lenovo,laptop,54,63000.0,82,excellent,32,512,0,1,31673.78
Realme,phone,56,21200.0,24,poor,12,64,0,1,8527.32
Asus,laptop,3,40000.0,19,poor,4,256,1,0,35680.31
Asus,laptop,46,82900.0,14,poor,16,256,0,3,32033.86
Xiaomi,phone,26,12600.0,12,poor,12,64,0,2,7247.77
MSI,laptop,8,101100.0,62,good,4,1024,1,1,90092.6
Lenovo,laptop,11,77900.0,89,new,32,256,1,0,71135.61
Apple,laptop,11,136400.0,22,poor,16,512,0,1,104460.17
MSI,laptop,10,100800.0,48,good,4,512,1,2,80906.44
OnePlus,phone,34,60200.0,69,excellent,8,64,1,1,41273.57
HP,laptop,40,45800.0,6,poor,8,1024,0,0,24181.93
Asus,laptop,2,120800.0,23,poor,64,512,1,0,110644.07
Apple,laptop,40,86500.0,48,good,16,256,0,1,48029.82
Realme,phone,36,8200.0,31,fair,8,64,0,0,4706.83
Apple,phone,1,69900.0,98,new,6,512,0,0,70155.83
MSI,laptop,27,127200.0,88,new,4,1024,0,2,90224.76
Xiaomi,phone,50,32200.0,16,poor,32,256,0,0,14299.91
OnePlus,phone,29,43200.0,81,excellent,8,128,1,1,32541.73
Realme,phone,3,32600.0,13,poor,32,128,0,0,29598.14
Lenovo,laptop,28,50800.0,72,excellent,4,256,1,0,38567.34
OnePlus,phone,19,73400.0,92,new,6,64,1,0,64241.19
Apple,phone,38,106000.0,81,excellent,8,64,0,0,69276.02
Asus,laptop,50,101800.0,43,fair,64,1024,1,0,50784.06
HP,laptop,19,41300.0,70,excellent,16,512,0,0,31571.21
HP,laptop,56,34500.0,7,poor,64,256,1,1,13166.4
Lenovo,laptop,7,57600.0,44,fair,64,1024,1,1,51558.0
Xiaomi,phone,45,18600.0,82,excellent,32,128,0,0,11569.71
OnePlus,phone,47,34500.0,57,good,6,128,1,1,19475.95
Vivo,phone,26,17700.0,18,poor,32,256,1,3,10590.18
Apple,phone,23,76400.0,25,poor,16,128,0,2,48381.45
Apple,laptop,38,104900.0,78,excellent,16,512,0,0,73330.09
Asus,laptop,9,111000.0,95,new,8,512,1,0,110469.5
Apple,laptop,48,184400.0,96,new,32,256,1,0,119006.77
MSI,laptop,1,113800.0,31,fair,4,256,0,0,105771.87
Lenovo,laptop,37,51000.0,42,fair,32,256,0,0,31298.99
HP,laptop,47,104900.0,66,excellent,4,1024,1,0,63024.61
Vivo,phone,6,34300.0,85,excellent,32,512,1,0,34368.54
Lenovo,laptop,19,36200.0,84,excellent,8,512,0,0,30894.91
Asus,laptop,8,88400.0,47,good,64,1024,0,0,74463.66
Acer,laptop,7,65400.0,87,new,4,256,0,0,60834.93
OnePlus,phone,36,39400.0,30,fair,16,512,1,0,23167.12
HP,laptop,35,69300.0,71,excellent,32,1024,1,0,50582.85
OnePlus,phone,38,74500.0,54,good,32,512,1,0,48543.88
Oppo,phone,23,12900.0,36,fair,8,128,0,1,8515.61
Dell,laptop,55,62100.0,37,fair,16,512,0,2,24538.86
Vivo,phone,14,15300.0,36,fair,4,128,0,0,11426.42
Apple,laptop,38,131600.0,51,good,8,512,0,1,77014.38
HP,laptop,13,43300.0,51,good,16,512,1,0,34397.92
Apple,laptop,23,135200.0,99,new,8,256,0,2,106982.39
HP,laptop,48,71600.0,55,good,32,1024,1,0,39236.1
Lenovo,laptop,42,35400.0,16,poor,4,256,1,0,18142.24
Apple,laptop,19,105700.0,57,good,16,512,1,0,82075.08
Acer,laptop,21,51000.0,95,new,64,512,1,0,43996.39
OnePlus,phone,47,63300.0,97,new,32,256,1,0,40415.45
Samsung,phone,35,86700.0,46,good,8,256,1,0,55899.96
Oppo,phone,37,34000.0,59,good,32,128,1,0,23459.81
OnePlus,phone,43,35100.0,32,fair,16,64,0,1,17594.88
Realme,phone,56,12900.0,69,excellent,6,256,0,0,6220.19
HP,laptop,20,97800.0,70,excellent,32,512,1,0,77793.34
Apple,phone,42,126800.0,10,poor,8,256,0,0,63316.11
Asus,laptop,56,118000.0,98,new,8,512,0,0,67423.62
Asus,laptop,40,107300.0,47,good,8,1024,0,0,60643.94
Samsung,phone,48,65700.0,93,new,6,64,1,0,40770.75
Xiaomi,phone,51,35900.0,40,fair,12,512,0,0,17784.69
Oppo,phone,53,39000.0,79,excellent,32,128,0,0,21063.05
OnePlus,phone,14,46600.0,8,poor,8,128,1,2,31867.22
MSI,laptop,38,129400.0,56,good,4,1024,1,0,82875.46
OnePlus,phone,34,42000.0,44,fair,8,64,1,3,23816.34
Asus,laptop,47,113800.0,69,excellent,4,1024,0,1,59723.0
Asus,laptop,57,110300.0,33,fair,64,1024,0,0,44827.06
MSI,laptop,4,149400.0,59,good,4,256,0,0,141308.04
Vivo,phone,57,25600.0,79,excellent,16,128,1,0,14165.56
Apple,phone,15,132400.0,39,fair,4,128,0,0,99518.56
Samsung,phone,40,52500.0,50,good,8,512,1,0,32053.11
OnePlus,phone,15,67000.0,83,excellent,6,128,1,0,57276.14
Apple,laptop,2,153000.0,31,fair,4,256,0,0,147963.99
Oppo,phone,8,30700.0,69,excellent,32,128,0,0,29206.99
Apple,phone,60,70700.0,6,poor,32,64,1,2,20885.23
OnePlus,phone,14,77400.0,100,new,4,64,1,1,70897.0
Lenovo,laptop,33,89600.0,37,fair,4,256,1,0,59873.31
Lenovo,laptop,6,75100.0,12,poor,16,512,0,0,61221.74
Dell,laptop,43,78700.0,36,fair,16,512,0,0,42752.09
Xiaomi,phone,21,28200.0,10,poor,6,64,1,0,20303.88
OnePlus,phone,22,58800.0,88,new,8,128,1,1,46715.39
Acer,laptop,23,79100.0,29,fair,8,512,1,0,54959.55
Lenovo,laptop,49,37200.0,97,new,8,1024,0,0,23294.57
Asus,laptop,53,41300.0,50,good,32,256,0,1,19648.74
Acer,laptop,38,43700.0,84,excellent,16,1024,1,1,30053.43
Apple,laptop,30,94900.0,46,good,32,512,0,0,63498.25
MSI,laptop,3,75000.0,96,new,8,1024,1,0,78341.7
Dell,laptop,34,100500.0,54,good,16,512,0,0,68526.88
Apple,laptop,23,189200.0,37,fair,8,256,1,0,137774.95
MSI,laptop,47,174900.0,37,fair,8,1024,1,1,91911.09
MSI,laptop,20,80900.0,59,good,32,512,1,0,62669.48
MSI,laptop,57,98000.0,49,good,4,512,1,0,46560.71
Oppo,phone,13,36000.0,29,fair,16,256,0,0,27479.03
Apple,laptop,32,84800.0,53,good,4,1024,0,0,57324.42
Apple,laptop,35,120900.0,55,good,4,256,0,0,79229.57
MSI,laptop,5,158000.0,80,excellent,8,256,0,0,159135.9
Dell,laptop,18,65800.0,50,good,4,512,1,2,50528.82
Dell,laptop,26,39500.0,38,fair,4,1024,1,1,25485.72
Xiaomi,phone,57,13900.0,71,excellent,32,128,1,0,6897.59
Oppo,phone,8,26000.0,69,excellent,4,128,1,2,23213.19
Apple,phone,41,120600.0,66,excellent,8,256,1,0,73796.75
Asus,laptop,45,127900.0,72,excellent,64,256,1,0,75719.18
Realme,phone,30,12500.0,6,poor,32,128,1,1,6990.73
Realme,phone,8,19100.0,90,new,32,128,1,0,17937.5
Dell,laptop,31,96900.0,62,good,64,512,0,0,70107.41
Oppo,phone,16,10200.0,82,excellent,6,128,1,0,9031.96
Vivo,phone,40,39200.0,66,excellent,4,512,0,0,25523.82
HP,laptop,8,100200.0,99,new,4,1024,1,0,102502.48
Oppo,phone,34,38000.0,24,poor,32,64,1,0,23185.69
Apple,laptop,55,162700.0,79,excellent,8,256,1,2,83110.73
Apple,laptop,37,132100.0,77,excellent,16,1024,1,1,87795.72
Vivo,phone,32,37200.0,39,fair,12,256,1,0,24023.87
Realme,phone,52,13900.0,27,fair,16,512,1,0,6816.88
Lenovo,laptop,28,59300.0,90,new,16,1024,0,2,40582.89
Dell,laptop,8,113600.0,5,poor,8,512,1,0,96561.61
Asus,laptop,35,103000.0,62,good,16,256,1,0,73102.82
MSI,laptop,34,149100.0,82,excellent,16,1024,1,2,98396.59
HP,laptop,53,62500.0,29,fair,16,512,0,1,25265.14
Vivo,phone,23,17100.0,74,excellent,4,64,0,3,12162.0
Oppo,phone,35,35100.0,51,good,32,512,1,0,23524.05
Lenovo,laptop,30,31800.0,86,new,16,1024,0,0,23181.36
Lenovo,laptop,43,51600.0,22,poor,4,1024,1,0,27009.55
OnePlus,phone,35,45600.0,72,excellent,16,512,1,0,31452.56
Vivo,phone,10,15600.0,28,fair,32,64,1,0,13513.74
OnePlus,phone,1,79200.0,42,fair,4,256,0,0,75186.67
Acer,laptop,28,79300.0,30,fair,4,512,0,0,53398.74
HP,laptop,15,33800.0,96,new,16,256,1,2,29102.0
Asus,laptop,16,58800.0,13,poor,32,256,0,0,41803.32
Asus,laptop,11,87900.0,25,poor,4,1024,1,0,67377.23
OnePlus,phone,20,49600.0,50,good,12,512,1,3,33024.86
Dell,laptop,26,56700.0,73,excellent,4,1024,0,0,44553.74
OnePlus,phone,32,55300.0,7,poor,4,512,0,0,32481.1
Realme,phone,54,23000.0,9,poor,6,128,0,0,8878.52
Apple,laptop,40,160000.0,58,good,32,512,0,0,102143.18
HP,laptop,19,41800.0,31,fair,16,512,1,0,31058.39
Xiaomi,phone,35,23400.0,28,fair,16,256,0,0,14236.72
Xiaomi,phone,42,30300.0,29,fair,16,256,0,0,16722.39
HP,laptop,43,54200.0,7,poor,4,1024,1,0,28614.4
Dell,laptop,29,45000.0,56,good,16,1024,1,3,28999.02
Apple,laptop,34,166200.0,13,poor,64,256,0,1,89222.08
Lenovo,laptop,26,40700.0,75,excellent,8,256,0,0,31608.37
Dell,laptop,9,110200.0,59,good,4,256,1,1,97939.92
Lenovo,laptop,3,54000.0,56,good,8,1024,0,1,50904.4
Oppo,phone,36,38300.0,71,excellent,8,512,0,0,25848.87
Realme,phone,29,32200.0,46,good,8,256,0,0,21062.5
MSI,laptop,47,84400.0,85,excellent,16,256,1,0,53732.3
Acer,laptop,18,27400.0,90,new,4,256,0,1,22514.17
Samsung,phone,3,22200.0,10,poor,4,64,0,0,20249.74
Apple,phone,39,128900.0,27,fair,32,256,1,1,68602.07
Xiaomi,phone,37,37400.0,61,good,4,256,0,0,23189.69
Asus,laptop,59,108700.0,79,excellent,4,1024,1,1,52882.7
Apple,laptop,35,81400.0,97,new,16,512,0,0,57661.3
Vivo,phone,58,30400.0,46,good,8,512,0,0,13886.58
OnePlus,phone,16,39200.0,61,good,32,256,0,2,28965.47
HP,laptop,27,30100.0,80,excellent,64,512,1,1,22620.91
Apple,phone,5,99800.0,10,poor,4,128,0,0,84999.88
Apple,laptop,15,162900.0,96,new,16,1024,1,0,152465.74
Lenovo,laptop,20,99500.0,60,good,32,256,1,0,75560.34
Apple,laptop,48,130800.0,66,excellent,16,256,0,0,75444.17
Oppo,phone,48,24100.0,78,excellent,16,64,0,0,14826.01
Lenovo,laptop,9,62500.0,19,poor,16,1024,0,0,51008.46
Asus,laptop,4,35600.0,73,excellent,4,512,0,1,34755.05
Lenovo,laptop,29,96900.0,60,good,32,256,1,1,68710.51
Oppo,phone,47,22300.0,77,excellent,8,64,1,1,12853.0
Oppo,phone,28,13700.0,99,new,8,512,0,0,10982.22
Dell,laptop,28,71000.0,63,good,4,512,0,0,51607.2
Dell,laptop,52,111700.0,19,poor,8,512,0,0,48072.0
Acer,laptop,45,63100.0,35,fair,8,1024,1,0,35524.08
Lenovo,laptop,25,99200.0,99,new,16,512,0,0,82784.33
Realme,phone,30,8300.0,91,new,4,64,1,0,6312.24
Xiaomi,phone,48,17900.0,8,poor,8,512,1,0,8142.37
OnePlus,phone,21,34200.0,36,fair,4,256,1,1,24599.85
OnePlus,phone,6,52800.0,64,good,6,256,1,0,52656.35
Oppo,phone,22,17800.0,87,new,12,512,1,0,14684.34
Xiaomi,phone,43,21400.0,75,excellent,32,64,1,3,11953.71
MSI,laptop,52,111900.0,11,poor,4,256,1,0,51772.22
MSI,laptop,9,140600.0,35,fair,16,1024,1,1,112260.58
Realme,phone,45,26700.0,23,poor,4,512,0,0,13579.82
Dell,laptop,2,75500.0,85,excellent,64,1024,0,0,78044.8
Lenovo,laptop,12,66900.0,20,poor,4,256,0,1,48393.01
Samsung,phone,22,91300.0,97,new,8,64,0,0,79099.9
Dell,laptop,22,109300.0,27,fair,32,1024,1,0,79836.99
Samsung,phone,4,42400.0,12,poor,8,64,1,0,38296.53
Asus,laptop,24,73900.0,57,good,16,256,1,0,55119.6
MSI,laptop,25,142900.0,5,poor,16,512,0,0,91210.75
Vivo,phone,37,14500.0,21,poor,12,128,0,0,7897.82
Dell,laptop,14,102100.0,62,good,32,512,1,0,85975.59
Realme,phone,21,11600.0,52,good,12,512,1,0,9299.88
Lenovo,laptop,57,50300.0,39,fair,8,512,1,0,22851.51
Realme,phone,55,29500.0,33,fair,4,64,0,0,12529.5
Asus,laptop,3,40900.0,37,fair,32,1024,1,0,39326.84
Lenovo,laptop,57,59700.0,12,poor,64,1024,1,0,25008.83
Xiaomi,phone,33,24100.0,17,poor,4,64,0,0,13899.2
Xiaomi,phone,10,27900.0,81,excellent,4,512,0,0,24704.29
Apple,phone,31,128600.0,64,good,8,128,0,0,91242.21
Samsung,phone,13,73900.0,45,fair,4,64,1,0,59714.31
Asus,laptop,26,45400.0,14,poor,8,512,1,0,28469.33
Xiaomi,phone,34,27800.0,31,fair,6,512,0,0,17053.8
Lenovo,laptop,40,44500.0,43,fair,16,512,0,3,22686.81
Asus,laptop,55,46200.0,75,excellent,16,512,1,1,23307.91
Dell,laptop,3,120000.0,53,good,8,1024,1,1,117386.16
Oppo,phone,24,39900.0,17,poor,8,256,0,0,26804.47
Apple,phone,30,75800.0,23,poor,12,64,0,1,43486.83
MSI,laptop,41,151800.0,89,new,32,256,0,1,98087.19
Xiaomi,phone,11,33100.0,40,fair,6,256,1,0,27972.05
Lenovo,laptop,57,65300.0,93,new,64,256,1,2,33185.51
OnePlus,phone,56,57900.0,74,excellent,16,64,1,0,32269.31
Realme,phone,8,31400.0,85,excellent,16,256,0,1,28768.51
MSI,laptop,47,135700.0,89,new,8,256,0,0,87341.39
Acer,laptop,54,58000.0,59,good,8,256,0,2,25704.06
Apple,laptop,23,145800.0,27,fair,8,1024,0,0,99506.74
MSI,laptop,39,88500.0,37,fair,4,256,0,0,52876.35
Acer,laptop,4,75800.0,10,poor,8,512,1,0,68897.61
Xiaomi,phone,52,38900.0,50,good,8,256,0,0,20341.7
Apple,phone,41,117300.0,62,good,6,512,0,0,69384.81
Vivo,phone,31,19900.0,56,good,8,64,1,0,13615.99
Realme,phone,3,12800.0,11,poor,12,64,0,0,10729.94
OnePlus,phone,21,64800.0,75,excellent,8,128,0,0,49899.13
Apple,phone,16,82300.0,13,poor,32,64,1,0,60971.74
Apple,phone,27,95800.0,37,fair,6,256,1,0,68082.91
Vivo,phone,20,25300.0,96,new,8,128,0,0,21774.33
Acer,laptop,57,29300.0,58,good,8,256,0,2,11942.38
Xiaomi,phone,34,10100.0,63,good,4,256,0,1,6670.2
OnePlus,phone,13,38800.0,29,fair,8,128,1,1,30784.21
Vivo,phone,34,26200.0,91,new,6,128,0,2,17817.92
Samsung,phone,47,94600.0,28,fair,12,512,0,0,48768.04
Apple,phone,43,104300.0,61,good,32,512,1,0,64470.55
Asus,laptop,32,54300.0,46,good,32,256,0,0,37156.87
Vivo,phone,20,22700.0,12,poor,32,256,0,0,15645.71
Acer,laptop,31,40500.0,87,new,8,512,0,0,29306.79
Acer,laptop,53,69300.0,18,poor,8,512,0,1,26762.54
Acer,laptop,30,80200.0,45,fair,32,512,1,0,56846.11
Asus,laptop,54,62100.0,43,fair,64,256,0,0,27888.27
Realme,phone,11,31800.0,10,poor,8,256,0,0,25002.36
Realme,phone,26,12700.0,71,excellent,6,128,0,0,9889.74
Oppo,phone,52,14200.0,74,excellent,16,128,0,0,7687.12
Lenovo,laptop,50,95100.0,66,excellent,64,512,0,0,52778.7
HP,laptop,59,45700.0,11,poor,64,512,0,1,15753.66
Oppo,phone,48,25100.0,74,excellent,8,128,0,0,14295.66
Realme,phone,22,31300.0,34,fair,4,256,0,2,20291.29
Realme,phone,15,26000.0,54,good,6,512,0,0,20524.55
Apple,phone,10,52300.0,69,excellent,16,128,1,0,45378.83
Samsung,phone,3,53700.0,47,good,4,128,0,0,52636.05
Asus,laptop,21,47200.0,86,new,4,256,1,0,37843.56
Samsung,phone,28,74900.0,93,new,32,64,1,0,58096.37
Vivo,phone,40,37400.0,17,poor,6,256,1,0,20157.34
Lenovo,laptop,20,32400.0,80,excellent,8,512,1,1,25998.18
Asus,laptop,34,70600.0,49,good,16,512,0,0,46699.41
Samsung,phone,51,20400.0,62,good,32,512,0,0,10715.23
HP,laptop,39,92300.0,44,fair,8,512,1,0,57153.57
Apple,phone,14,62100.0,42,fair,12,64,0,1,45037.66
Oppo,phone,47,28200.0,56,good,8,256,0,0,15872.58
HP,laptop,9,33600.0,53,good,4,256,1,0,30649.5
Apple,laptop,52,185100.0,16,poor,4,256,1,0,84746.51
Oppo,phone,9,32500.0,42,fair,12,128,0,0,27631.34
Apple,phone,21,104600.0,92,new,8,512,0,1,86845.34
HP,laptop,44,52700.0,86,new,64,256,0,1,32269.83
Lenovo,laptop,34,74700.0,87,new,4,512,0,0,56233.65
HP,laptop,34,69000.0,7,poor,8,256,1,1,36323.49
HP,laptop,27,40300.0,67,excellent,8,1024,1,0,31795.6
Vivo,phone,28,18100.0,78,excellent,8,64,0,1,13199.99
Asus,laptop,40,103500.0,71,excellent,32,1024,0,0,63289.92
Realme,phone,51,26600.0,38,fair,12,64,1,1,12493.54
Lenovo,laptop,59,80400.0,6,poor,32,256,1,1,26464.95
Vivo,phone,14,30000.0,59,good,16,512,0,0,24122.72
Xiaomi,phone,26,39600.0,83,excellent,16,128,1,0,31877.42
OnePlus,phone,34,72200.0,24,poor,6,512,0,1,41690.18
Realme,phone,21,13800.0,77,excellent,4,128,1,0,11857.97
Lenovo,laptop,17,83700.0,53,good,16,1024,0,2,60091.2
MSI,laptop,26,106200.0,86,new,64,512,1,2,79286.65
HP,laptop,17,44700.0,81,excellent,64,512,1,0,37643.26
Vivo,phone,1,29100.0,76,excellent,16,256,1,0,27856.08
Apple,phone,21,106900.0,87,new,8,512,1,0,86511.05
HP,laptop,47,75700.0,38,fair,16,1024,0,0,39991.99
Asus,laptop,56,70000.0,26,fair,64,256,1,3,23314.15
Acer,laptop,15,59800.0,99,new,8,256,0,0,51497.7
Acer,laptop,4,43200.0,82,excellent,32,256,1,0,44365.85
Apple,laptop,47,85300.0,94,new,8,512,0,2,49986.54
Xiaomi,phone,21,35500.0,15,poor,16,256,1,0,24220.8
Asus,laptop,8,104700.0,6,poor,32,1024,1,0,86170.81
Oppo,phone,18,16000.0,47,good,32,64,0,1,11400.33
Lenovo,laptop,58,70000.0,30,fair,4,512,1,0,30819.4
MSI,laptop,24,61600.0,56,good,16,1024,0,0,43338.69
OnePlus,phone,48,43300.0,72,excellent,16,64,1,0,24687.0
Realme,phone,51,15500.0,59,good,12,512,0,1,8010.22
Vivo,phone,50,38000.0,84,excellent,32,64,1,1,21828.29
Apple,laptop,9,109900.0,93,new,16,256,1,0,103185.52
MSI,laptop,6,179300.0,81,excellent,8,512,1,0,169820.89
Asus,laptop,21,108300.0,97,new,4,512,0,0,90801.9
Oppo,phone,25,40900.0,37,fair,16,64,1,0,29371.91
Realme,phone,26,10900.0,62,good,12,512,0,0,8280.31
MSI,laptop,55,198700.0,94,new,4,256,0,0,107662.7
Acer,laptop,33,33500.0,63,good,8,1024,0,1,21033.54
Dell,laptop,40,91200.0,47,good,64,1024,1,0,56327.38
Apple,laptop,2,143200.0,85,excellent,32,1024,0,3,135262.98
Apple,laptop,49,164600.0,33,fair,64,1024,0,1,71944.63
OnePlus,phone,47,31200.0,69,excellent,8,128,1,3,15098.91
Realme,phone,19,7700.0,26,fair,6,128,0,0,5742.69
Xiaomi,phone,50,31400.0,23,poor,32,128,1,0,14949.15
Lenovo,laptop,40,91200.0,43,fair,16,1024,0,0,51574.55
HP,laptop,18,107900.0,58,good,4,256,1,0,84754.26
Asus,laptop,48,70200.0,26,fair,32,512,0,0,33635.92
Apple,phone,37,139600.0,99,new,4,512,0,0,98038.06
Asus,laptop,23,69400.0,99,new,32,1024,0,0,55384.64
MSI,laptop,9,154200.0,28,fair,8,512,0,2,119769.56
Apple,laptop,56,96700.0,12,poor,4,512,0,0,36716.93
Lenovo,laptop,12,76800.0,28,fair,4,256,1,0,62383.04
Lenovo,laptop,37,42500.0,6,poor,64,512,1,0,23467.76
OnePlus,phone,4,42800.0,10,poor,32,64,0,2,34398.8
Acer,laptop,31,71700.0,14,poor,32,256,1,0,45445.17
Samsung,phone,26,62000.0,27,fair,32,512,1,0,43169.05
HP,laptop,52,108700.0,74,excellent,32,256,1,0,59621.09
MSI,laptop,42,76000.0,15,poor,16,256,1,1,39245.03
Oppo,phone,38,14500.0,9,poor,16,256,0,0,7467.72
Lenovo,laptop,20,57000.0,7,poor,64,512,0,0,37355.6
Apple,laptop,30,84400.0,35,fair,16,256,0,0,55864.12
Apple,laptop,28,179600.0,36,fair,4,1024,1,1,117941.43
MSI,laptop,38,109700.0,79,excellent,32,512,0,0,76489.33
Realme,phone,58,9300.0,20,poor,16,512,0,0,3796.47
OnePlus,phone,42,74800.0,19,poor,16,512,0,2,33778.77
Xiaomi,phone,47,15300.0,26,fair,32,512,0,0,7200.42
Asus,laptop,39,53600.0,25,poor,4,1024,0,0,28280.38
Realme,phone,44,31300.0,17,poor,8,256,0,0,15143.42
Asus,laptop,48,64800.0,30,fair,8,256,1,1,30485.8
Xiaomi,phone,38,12300.0,43,fair,12,64,1,0,7735.28
Xiaomi,phone,45,37500.0,77,excellent,12,64,0,1,21537.49
Oppo,phone,34,15300.0,19,poor,32,128,1,0,9406.37
Dell,laptop,22,60000.0,14,poor,64,256,0,0,39392.68
Apple,laptop,5,182900.0,12,poor,16,512,0,0,161615.72
Realme,phone,6,12200.0,80,excellent,32,128,1,0,11797.97
OnePlus,phone,37,75100.0,37,fair,12,64,0,0,43820.0
Dell,laptop,29,67000.0,70,excellent,4,256,1,2,44313.04
Oppo,phone,55,38800.0,77,excellent,12,128,1,2,18405.31
Vivo,phone,13,22900.0,66,excellent,16,128,1,2,18683.13
Dell,laptop,6,71600.0,70,excellent,32,256,1,0,70531.82
Realme,phone,20,13500.0,5,poor,6,128,0,0,8676.96
Vivo,phone,22,29900.0,32,fair,16,128,0,0,21095.69
Acer,laptop,10,76700.0,39,fair,4,512,0,0,66028.0
Acer,laptop,38,79400.0,30,fair,32,1024,1,0,45051.47
Lenovo,laptop,11,64300.0,92,new,64,256,0,0,56561.12
Asus,laptop,3,99600.0,11,poor,64,1024,0,1,85041.63
Dell,laptop,12,75400.0,53,good,16,256,0,0,62213.84
Apple,laptop,3,199500.0,67,excellent,64,512,1,0,208002.08
MSI,laptop,8,159700.0,25,poor,32,256,0,2,119481.97
Realme,phone,34,17500.0,34,fair,8,64,1,2,10201.01
Dell,laptop,3,80600.0,28,fair,16,512,1,1,71437.51
Realme,phone,17,13900.0,18,poor,8,256,0,0,9837.6
Acer,laptop,24,42700.0,87,new,4,256,0,0,35504.22
Lenovo,laptop,4,32300.0,40,fair,16,256,1,0,30912.85
MSI,laptop,35,126000.0,44,fair,16,256,0,1,74693.08
Apple,phone,30,117900.0,91,new,8,64,1,0,95815.66
Lenovo,laptop,60,93900.0,89,new,4,1024,0,0,47413.31
MSI,laptop,24,184200.0,28,fair,8,1024,1,2,122186.22
Acer,laptop,52,72800.0,99,new,32,512,0,0,41938.01
Oppo,phone,12,10500.0,65,good,6,256,1,1,8769.75
Asus,laptop,49,107500.0,17,poor,16,256,0,0,47566.42
Samsung,phone,23,43200.0,6,poor,32,512,0,1,25977.64
Asus,laptop,4,84000.0,68,excellent,64,1024,0,0,83394.2
Lenovo,laptop,42,98800.0,25,poor,64,256,1,1,50925.45
Apple,laptop,46,174300.0,76,excellent,64,1024,0,0,108847.84
Realme,phone,57,16900.0,70,excellent,32,64,0,0,8515.18
MSI,laptop,28,93000.0,72,excellent,16,1024,0,2,61398.21
OnePlus,phone,8,79500.0,72,excellent,16,512,1,0,77594.07
Oppo,phone,13,14400.0,14,poor,8,512,1,2,10368.45
HP,laptop,43,56400.0,96,new,64,1024,0,0,39026.65
Asus,laptop,22,65600.0,84,excellent,8,256,0,1,50014.31
Xiaomi,phone,28,30200.0,70,excellent,16,64,1,0,22840.0
Realme,phone,54,20400.0,10,poor,16,64,0,0,8124.5
Dell,laptop,40,79100.0,10,poor,4,256,1,0,43974.15
Vivo,phone,50,12100.0,47,good,4,512,1,0,6210.44
HP,laptop,29,36700.0,44,fair,16,256,0,1,24151.25
Apple,phone,21,102200.0,74,excellent,4,256,1,1,81846.36
Acer,laptop,11,45600.0,90,new,64,512,0,2,38407.23
Acer,laptop,13,74500.0,7,poor,8,512,0,0,54728.02
MSI,laptop,39,144000.0,12,poor,8,256,1,0,82655.36
Asus,laptop,42,115800.0,19,poor,4,1024,1,0,61789.89
Samsung,phone,14,85400.0,5,poor,16,256,1,0,61967.41
Lenovo,laptop,45,73400.0,56,good,4,512,0,0,42133.52
Realme,phone,17,33900.0,8,poor,6,512,0,0,24273.62
HP,laptop,43,101100.0,10,poor,16,1024,0,0,49585.52
HP,laptop,44,39800.0,80,excellent,8,256,1,1,23650.7
OnePlus,phone,42,67300.0,9,poor,6,128,0,0,32001.19
Vivo,phone,38,38800.0,9,poor,6,128,0,0,21308.08
MSI,laptop,5,178500.0,98,new,32,256,0,0,177521.73
MSI,laptop,18,69000.0,72,excellent,32,512,1,0,60024.96
Lenovo,laptop,44,46800.0,22,poor,4,512,0,0,24013.47
Oppo,phone,10,13400.0,73,excellent,6,64,0,1,11776.39
Oppo,phone,59,32400.0,63,good,16,128,0,0,15507.04
Acer,laptop,12,39900.0,90,new,32,1024,0,0,36345.29
HP,laptop,22,67600.0,71,excellent,8,1024,0,1,50874.53
Apple,laptop,32,192900.0,40,fair,4,256,1,0,128968.39
MSI,laptop,55,71300.0,8,poor,64,1024,1,0,29864.54
Oppo,phone,36,27200.0,72,excellent,32,512,1,0,18021.51
Apple,phone,3,59000.0,21,poor,32,64,1,0,52475.31
Apple,phone,59,82200.0,90,new,32,128,0,0,44002.11
HP,laptop,49,103900.0,67,excellent,8,256,0,0,56667.09
Xiaomi,phone,6,29500.0,24,poor,32,128,1,0,26728.98
Realme,phone,16,22500.0,39,fair,6,256,1,0,18301.74
Oppo,phone,9,30700.0,33,fair,4,256,0,1,23640.22
Realme,phone,24,13400.0,47,good,8,512,1,0,9411.78
OnePlus,phone,25,26800.0,14,poor,6,64,1,0,18244.17
Xiaomi,phone,29,17900.0,77,excellent,32,256,0,1,12991.16
Realme,phone,33,13100.0,43,fair,4,64,0,0,8462.06
Asus,laptop,28,74700.0,67,excellent,8,256,1,0,55425.06
Lenovo,laptop,8,48900.0,16,poor,64,1024,1,0,38653.72
HP,laptop,50,42900.0,54,good,64,512,1,0,23553.41
Dell,laptop,30,61500.0,49,good,4,256,1,2,37951.14
Apple,phone,45,149200.0,92,new,12,64,1,1,90418.4
Xiaomi,phone,3,33200.0,93,new,32,512,1,0,33896.54
Asus,laptop,39,59300.0,86,new,8,512,1,0,43199.13
Oppo,phone,19,10000.0,22,poor,8,256,0,0,7302.29
Realme,phone,20,8400.0,35,fair,32,64,0,1,5872.19
Acer,laptop,21,77200.0,42,fair,32,256,0,0,55748.61
Asus,laptop,47,82900.0,42,fair,8,1024,0,1,42109.64
Oppo,phone,49,12300.0,68,excellent,6,128,1,0,7189.15
Lenovo,laptop,36,52700.0,47,good,8,256,1,0,35018.98
Dell,laptop,49,74500.0,80,excellent,16,1024,0,1,40976.77
Samsung,phone,19,87000.0,75,excellent,4,512,1,0,71505.66
Xiaomi,phone,42,12200.0,61,good,8,256,0,0,7519.57
Lenovo,laptop,56,98500.0,50,good,8,512,0,0,45093.01
Asus,laptop,28,81400.0,19,poor,16,512,1,0,50969.3
Xiaomi,phone,21,33000.0,86,new,16,128,1,3,23626.49
Asus,laptop,41,70300.0,87,new,64,512,1,1,47009.9
Oppo,phone,33,42600.0,9,poor,12,512,1,0,25944.26
Lenovo,laptop,60,34600.0,63,good,4,512,1,0,16287.82
Realme,phone,17,29700.0,96,new,32,64,0,0,26880.25
Acer,laptop,12,57000.0,23,poor,8,1024,0,0,44271.86
Apple,laptop,60,105300.0,35,fair,32,256,1,0,46741.05
Xiaomi,phone,45,17100.0,50,good,4,256,1,0,9650.42
Samsung,phone,21,93800.0,87,new,16,64,1,0,81562.62
Asus,laptop,7,89400.0,10,poor,8,1024,1,0,75944.05
Lenovo,laptop,51,80200.0,46,good,32,1024,0,0,39134.81
Realme,phone,21,10000.0,72,excellent,4,256,1,0,8517.74
Vivo,phone,46,19100.0,94,new,16,128,1,0,12468.57
Acer,laptop,26,61000.0,99,new,8,256,0,0,47436.88
Lenovo,laptop,18,74300.0,93,new,8,512,1,0,65535.3
OnePlus,phone,3,31600.0,46,good,16,256,0,1,29376.68
Acer,laptop,31,44700.0,44,fair,64,512,1,0,29218.04
Lenovo,laptop,37,85100.0,40,fair,64,512,1,0,53066.05
Oppo,phone,34,26000.0,70,excellent,6,128,1,0,17644.53
Dell,laptop,15,80100.0,85,excellent,16,512,1,0,73540.92
Oppo,phone,6,38700.0,71,excellent,4,256,1,1,38155.94
Dell,laptop,54,116900.0,59,good,4,1024,1,0,63917.83
Realme,phone,15,9600.0,88,new,16,256,0,0,8772.33
Asus,laptop,34,46500.0,81,excellent,32,1024,0,1,30931.15
Acer,laptop,23,26000.0,73,excellent,16,512,0,0,19507.42
HP,laptop,31,88300.0,82,excellent,16,256,1,1,61984.17
Apple,phone,52,61800.0,77,excellent,12,128,0,1,32755.58
Apple,phone,39,124100.0,44,fair,8,128,1,0,75003.45
HP,laptop,59,81500.0,14,poor,8,512,1,0,31148.52
Dell,laptop,38,69400.0,14,poor,4,1024,0,0,36505.68
MSI,laptop,16,89300.0,24,poor,4,256,1,0,70803.98
Xiaomi,phone,37,29500.0,19,poor,32,512,1,0,17436.43
Acer,laptop,24,62100.0,16,poor,32,512,0,0,39104.69
Apple,laptop,60,142100.0,74,excellent,16,512,0,0,65926.44
Dell,laptop,50,43500.0,11,poor,8,1024,1,0,19501.19
MSI,laptop,45,68700.0,41,fair,8,512,0,0,38064.99
Oppo,phone,36,21800.0,97,new,32,64,1,0,15443.97
HP,laptop,10,100400.0,69,excellent,64,512,0,0,85881.16
Realme,phone,20,16600.0,85,excellent,6,64,0,0,13509.95
OnePlus,phone,57,41800.0,31,fair,16,128,1,2,15576.48
Asus,laptop,26,120300.0,52,good,16,1024,1,0,84813.46
Asus,laptop,57,41400.0,87,new,16,256,0,1,20557.2
HP,laptop,54,89100.0,86,new,16,1024,0,3,42945.71
Acer,laptop,32,65500.0,57,good,8,512,1,0,44858.03
Realme,phone,24,19000.0,85,excellent,12,64,1,1,14659.39
Acer,laptop,54,46200.0,100,new,8,1024,0,0,27819.61
Samsung,phone,31,96700.0,89,new,8,512,0,2,65023.25
Dell,laptop,26,48200.0,63,good,32,256,1,0,35066.49
HP,laptop,22,32800.0,13,poor,16,1024,1,0,23478.11
Oppo,phone,7,11800.0,37,fair,8,512,0,0,10574.44
Asus,laptop,21,73300.0,30,fair,4,256,1,0,54332.76
OnePlus,phone,50,25600.0,39,fair,6,512,0,0,12609.2
Asus,laptop,1,106300.0,13,poor,8,512,0,1,95093.04
Dell,laptop,50,43000.0,32,fair,4,256,0,0,19739.07
Realme,phone,18,14100.0,59,good,16,128,1,0,11830.09
HP,laptop,2,105900.0,48,good,8,512,0,1,102203.74
MSI,laptop,37,153100.0,99,new,64,256,1,1,111633.56
MSI,laptop,26,190900.0,54,good,64,256,0,0,139995.89
HP,laptop,19,47400.0,69,excellent,64,256,0,3,34827.95
Asus,laptop,22,43500.0,84,excellent,4,1024,0,1,35135.79
Acer,laptop,30,38800.0,73,excellent,64,512,1,0,29105.82
HP,laptop,47,106200.0,40,fair,4,256,0,0,57763.66
MSI,laptop,12,185600.0,95,new,64,512,0,2,157839.87
Vivo,phone,21,11900.0,99,new,32,512,0,1,10193.41
Samsung,phone,29,86400.0,75,excellent,12,256,1,0,64942.28
Apple,laptop,32,109100.0,51,good,64,256,0,0,70130.53
MSI,laptop,47,139600.0,46,good,16,512,1,0,75334.94
MSI,laptop,28,163700.0,89,new,64,1024,0,0,122551.9
Realme,phone,27,12900.0,100,new,12,512,0,1,10011.76
Vivo,phone,23,18000.0,84,excellent,8,64,1,0,14296.01
Oppo,phone,28,34100.0,89,new,8,64,0,2,23565.64
Vivo,phone,60,24100.0,9,poor,12,256,0,0,8736.26
Apple,phone,54,96700.0,9,poor,6,128,0,0,40597.0
Vivo,phone,23,8800.0,46,good,12,128,1,0,6502.43
MSI,laptop,2,86000.0,63,good,8,256,1,1,86850.0
Asus,laptop,35,107500.0,70,excellent,16,512,0,1,70116.81
Apple,laptop,9,171000.0,80,excellent,4,256,1,0,167535.04
Asus,laptop,18,42000.0,97,new,4,512,1,0,36271.51
MSI,laptop,17,117400.0,70,excellent,4,512,1,0,102736.19
Dell,laptop,42,95500.0,95,new,4,1024,1,0,68067.23
Dell,laptop,51,51800.0,41,fair,4,512,1,1,23965.65
HP,laptop,48,97800.0,24,poor,8,512,0,0,48449.59
Oppo,phone,17,19900.0,60,good,4,64,1,0,15551.77
HP,laptop,56,65000.0,95,new,16,256,0,0,35478.58
Lenovo,laptop,25,53000.0,49,good,16,256,0,0,36944.43
Vivo,phone,28,21500.0,24,poor,8,512,1,0,13529.23
MSI,laptop,51,173100.0,36,fair,8,1024,1,1,84284.29
Apple,laptop,54,176400.0,75,excellent,8,1024,1,0,98012.58
Asus,laptop,22,78300.0,65,good,32,512,0,1,59795.8
Dell,laptop,32,72500.0,88,new,4,512,1,1,51622.76
OnePlus,phone,36,53200.0,89,new,4,256,1,3,32633.2
Xiaomi,phone,9,28200.0,17,poor,32,256,0,0,23395.36
HP,laptop,32,45400.0,21,poor,16,256,1,0,27258.68
Acer,laptop,58,32000.0,20,poor,64,1024,0,0,12481.63
Lenovo,laptop,15,50600.0,80,excellent,16,256,1,0,42902.49
Apple,laptop,8,85800.0,100,new,16,256,1,0,84398.86
Xiaomi,phone,59,30300.0,90,new,4,64,0,0,15991.48
Lenovo,laptop,53,85600.0,81,excellent,4,1024,1,3,42016.58
Apple,phone,44,120100.0,10,poor,8,128,1,0,62944.9
Samsung,phone,38,24100.0,18,poor,12,256,1,0,13925.77
OnePlus,phone,35,55800.0,32,fair,32,128,1,0,35142.79
MSI,laptop,6,108200.0,36,fair,8,256,0,3,88008.39
Apple,laptop,3,82300.0,74,excellent,64,256,1,0,83302.41
Dell,laptop,48,75800.0,73,excellent,32,256,0,0,43824.11
Vivo,phone,5,35300.0,99,new,12,512,0,0,37044.55
Apple,laptop,11,121600.0,29,fair,4,512,1,0,101722.91
Oppo,phone,13,43200.0,10,poor,32,128,0,0,31177.44
HP,laptop,17,99600.0,51,good,16,512,1,0,83757.53
MSI,laptop,44,74200.0,30,fair,4,512,0,1,37165.25
Xiaomi,phone,13,29000.0,49,good,6,256,0,0,24352.72
Apple,laptop,40,178800.0,28,fair,32,1024,0,0,94959.39
Vivo,phone,37,18800.0,44,fair,32,256,1,0,11252.11
HP,laptop,29,56500.0,83,excellent,4,1024,1,0,43824.67
Asus,laptop,43,86200.0,41,fair,8,1024,0,0,48388.63
Oppo,phone,42,14500.0,12,poor,16,512,0,0,7238.16
OnePlus,phone,33,67400.0,97,new,12,64,1,1,48287.28
Apple,laptop,57,128500.0,93,new,8,512,1,0,74037.59
Asus,laptop,21,103500.0,45,fair,16,512,1,0,79078.39
Vivo,phone,38,32300.0,76,excellent,32,64,0,1,20734.66
Dell,laptop,10,88300.0,64,good,8,1024,0,1,72429.97
HP,laptop,32,83400.0,26,fair,8,1024,0,0,51997.56
Lenovo,laptop,6,32800.0,29,fair,32,512,0,0,28672.81
OnePlus,phone,1,63800.0,70,excellent,4,512,1,0,60701.05
Xiaomi,phone,57,9900.0,16,poor,6,512,1,0,3979.52
Acer,laptop,10,30300.0,49,good,32,512,1,0,27370.58
OnePlus,phone,9,79700.0,37,fair,8,128,1,0,66130.0
Oppo,phone,6,28600.0,39,fair,12,128,1,0,26849.89
Xiaomi,phone,25,29000.0,47,good,8,128,0,0,20746.68
Realme,phone,6,8200.0,89,new,12,256,0,0,8484.94
Asus,laptop,1,72900.0,56,good,16,1024,0,0,71253.06
Apple,laptop,56,186400.0,18,poor,32,256,1,0,79850.78
Xiaomi,phone,16,32600.0,24,poor,6,512,1,1,23963.1
HP,laptop,60,86400.0,73,excellent,4,1024,0,0,39825.68
OnePlus,phone,48,44800.0,32,fair,32,64,1,1,22690.45
Asus,laptop,46,98900.0,17,poor,8,256,0,1,46075.81
MSI,laptop,10,83000.0,84,excellent,8,256,0,1,72014.78
Acer,laptop,43,76900.0,54,good,4,1024,1,0,45215.64
Vivo,phone,16,9000.0,21,poor,12,256,1,0,6738.78
Oppo,phone,48,14000.0,15,poor,6,64,0,0,6345.78
Apple,phone,59,90200.0,75,excellent,8,64,1,0,46648.85
Realme,phone,44,13400.0,30,fair,32,128,1,0,7350.47
Apple,laptop,14,175700.0,7,poor,8,256,1,0,133792.22
Apple,laptop,24,134100.0,36,fair,32,512,1,2,89872.68
HP,laptop,31,76200.0,68,excellent,8,512,1,0,57044.42
Lenovo,laptop,29,93700.0,10,poor,16,256,0,0,58497.85
Samsung,phone,5,26700.0,73,excellent,4,128,0,0,26195.99
Dell,laptop,10,90600.0,60,good,4,256,1,0,84122.51
OnePlus,phone,57,76900.0,37,fair,8,512,1,0,33627.24
MSI,laptop,18,175300.0,74,excellent,8,256,1,0,147478.77
Acer,laptop,41,72200.0,60,good,32,512,1,1,45291.07
Apple,phone,39,64900.0,99,new,12,512,0,0,44698.9
Xiaomi,phone,28,14600.0,29,fair,6,128,0,1,9095.94
Asus,laptop,44,111600.0,78,excellent,4,512,0,0,70815.5
Apple,phone,8,117600.0,94,new,16,512,1,0,115377.28
Samsung,phone,19,27500.0,6,poor,6,128,1,0,19385.82
HP,laptop,13,77800.0,27,fair,4,512,1,0,60614.26
Oppo,phone,45,41900.0,41,fair,16,64,0,1,21987.52
Xiaomi,phone,37,28200.0,48,good,4,256,1,1,17564.82
Dell,laptop,2,60400.0,62,good,16,256,0,0,58920.76
HP,laptop,11,64800.0,23,poor,32,1024,0,0,48250.89
MSI,laptop,18,188400.0,64,good,4,1024,1,0,147126.32
Asus,laptop,27,79000.0,13,poor,4,256,1,0,48967.53
MSI,laptop,32,167200.0,37,fair,64,1024,0,0,109093.88
Realme,phone,14,29200.0,24,poor,16,64,1,0,21898.96
Xiaomi,phone,2,19500.0,89,new,4,128,1,0,19120.79
Realme,phone,40,34500.0,69,excellent,4,512,1,0,22937.81
Vivo,phone,29,9200.0,33,fair,16,64,1,0,6269.53
Dell,laptop,11,118900.0,24,poor,4,256,1,1,87649.74
MSI,laptop,3,180200.0,38,fair,8,256,0,0,161934.35
Apple,laptop,20,156300.0,97,new,8,256,1,1,129393.32
Apple,phone,7,60100.0,8,poor,6,128,0,0,50948.75
Oppo,phone,58,12500.0,54,good,4,512,0,0,5838.84
Vivo,phone,11,31200.0,15,poor,4,256,1,0,25160.16
Vivo,phone,57,13700.0,31,fair,6,256,1,1,5365.38
Asus,laptop,36,63100.0,75,excellent,4,256,0,0,43943.14
Samsung,phone,26,70600.0,70,excellent,4,64,1,0,55137.98
Xiaomi,phone,39,34800.0,42,fair,8,64,0,0,20287.34
Xiaomi,phone,38,38400.0,49,good,6,64,1,2,20909.22
Realme,phone,38,21900.0,24,poor,8,256,1,0,12922.74
Acer,laptop,37,64500.0,5,poor,8,512,0,0,33884.55
MSI,laptop,15,149300.0,30,fair,4,512,1,0,114216.18
Lenovo,laptop,32,88000.0,32,fair,16,512,0,1,50917.93
Xiaomi,phone,30,8200.0,19,poor,12,64,0,1,4782.77
Xiaomi,phone,18,11700.0,44,fair,6,512,0,0,8602.7
Vivo,phone,24,22600.0,17,poor,4,64,1,2,14502.63
Vivo,phone,44,10400.0,45,fair,6,64,0,1,5570.01
Apple,phone,2,74300.0,68,excellent,16,64,1,0,73305.32
Apple,laptop,53,139900.0,94,new,4,256,0,0,79475.44
HP,laptop,32,56700.0,98,new,16,256,1,0,43932.79
Apple,phone,45,137900.0,22,poor,8,128,0,0,72038.79
Apple,laptop,47,138400.0,64,good,32,512,0,0,76414.89
OnePlus,phone,16,34000.0,59,good,32,512,0,0,27592.52
Apple,phone,23,111100.0,33,fair,12,128,1,0,77598.09
Apple,laptop,9,109900.0,49,good,16,256,1,2,89560.1
Acer,laptop,26,56700.0,42,fair,32,1024,0,0,40891.17
Apple,laptop,27,193700.0,42,fair,16,256,1,0,131231.99
Dell,laptop,8,97300.0,37,fair,16,256,0,0,84341.13
HP,laptop,49,47500.0,96,new,64,256,1,0,31661.22
Apple,phone,55,112900.0,42,fair,8,256,0,2,47255.69
Oppo,phone,23,32900.0,94,new,8,256,0,1,24880.32
Lenovo,laptop,27,90200.0,16,poor,16,512,0,1,54300.56
Oppo,phone,40,40100.0,71,excellent,8,64,1,0,26383.14
HP,laptop,42,99000.0,7,poor,4,256,0,0,47464.94
MSI,laptop,57,63500.0,7,poor,64,1024,1,0,24322.1
Vivo,phone,48,14400.0,82,excellent,16,256,0,1,8274.18
OnePlus,phone,54,33100.0,96,new,4,128,1,0,20369.94
Xiaomi,phone,56,14400.0,57,good,32,64,1,0,7199.52
OnePlus,phone,4,61600.0,97,new,16,64,1,0,61762.27
MSI,laptop,25,115100.0,59,good,16,256,0,0,82625.06
Acer,laptop,13,60900.0,81,excellent,4,256,1,1,54414.16
Samsung,phone,43,74600.0,92,new,16,256,1,0,48492.28
Oppo,phone,14,31600.0,67,excellent,8,256,0,0,26821.03
Samsung,phone,47,99200.0,88,new,4,512,1,0,64937.19
Oppo,phone,18,41900.0,68,excellent,4,256,1,0,34792.41
Asus,laptop,26,99800.0,65,good,8,256,0,0,71794.03
HP,laptop,9,92700.0,22,poor,8,512,0,1,71144.73
HP,laptop,53,80500.0,32,fair,64,1024,1,0,38418.13
Vivo,phone,11,14300.0,54,good,12,256,0,0,12445.18
Lenovo,laptop,7,84500.0,94,new,16,512,1,1,81852.19
Dell,laptop,56,70900.0,74,excellent,64,256,1,1,36640.56
Realme,phone,42,8100.0,84,excellent,12,512,0,0,5098.96
Oppo,phone,29,11100.0,22,poor,8,512,0,2,6435.85
MSI,laptop,7,176100.0,90,new,32,1024,0,0,174729.39
Apple,phone,23,129600.0,91,new,16,256,1,0,111436.2
Lenovo,laptop,49,34000.0,70,excellent,8,512,1,2,17176.0
Oppo,phone,39,32400.0,64,good,6,128,1,0,20306.52
MSI,laptop,20,95200.0,35,fair,16,256,0,1,63526.13
Dell,laptop,59,48000.0,91,new,8,256,0,0,24911.56
Realme,phone,60,10700.0,35,fair,8,128,0,0,4476.24
Samsung,phone,18,26900.0,39,fair,8,128,0,0,19660.63
Acer,laptop,9,25500.0,26,fair,16,256,1,0,21777.55
Asus,laptop,46,43000.0,73,excellent,8,256,1,0,26121.8
Realme,phone,47,7400.0,65,good,32,256,0,0,4078.48
Asus,laptop,22,98100.0,79,excellent,8,512,1,0,79489.09
Oppo,phone,40,28400.0,96,new,12,128,0,0,19596.76
Dell,laptop,20,88300.0,6,poor,16,1024,0,0,59412.78
Lenovo,laptop,19,47000.0,60,good,8,512,0,1,35489.37
Samsung,phone,15,31400.0,75,excellent,12,64,0,1,25456.83
Acer,laptop,49,28200.0,72,excellent,64,256,1,1,16515.77
Oppo,phone,47,28400.0,65,good,6,128,1,0,17583.92
Realme,phone,7,33800.0,81,excellent,32,64,1,0,34445.58
Asus,laptop,50,105500.0,54,good,32,512,1,2,49240.48
Dell,laptop,40,58300.0,6,poor,32,256,1,0,31147.0
Acer,laptop,13,73700.0,89,new,32,256,0,0,66220.67
Apple,phone,14,69000.0,95,new,32,64,1,0,64164.02
Realme,phone,34,13900.0,47,good,8,128,1,1,8975.71
Xiaomi,phone,31,9900.0,27,fair,32,128,0,0,5854.94
HP,laptop,15,76900.0,70,excellent,16,1024,0,0,64966.68
Dell,laptop,42,116900.0,66,excellent,64,1024,1,0,73151.58
Asus,laptop,51,64200.0,15,poor,4,256,1,0,28432.03
Realme,phone,60,12500.0,10,poor,8,128,0,0,4346.73
Apple,laptop,36,113600.0,66,excellent,4,1024,1,1,70753.4
OnePlus,phone,32,61700.0,30,fair,6,128,1,0,37705.9
Apple,laptop,43,171900.0,41,fair,8,256,1,2,88781.37
Apple,phone,35,102600.0,82,excellent,4,256,0,3,65549.86
Vivo,phone,13,37300.0,22,poor,32,512,0,2,25288.39
Vivo,phone,39,8300.0,51,good,32,256,0,0,5125.03
Samsung,phone,7,53600.0,70,excellent,32,256,1,0,53538.74
Apple,laptop,52,124900.0,61,good,8,1024,0,1,63832.17
OnePlus,phone,23,66700.0,10,poor,32,256,0,0,44156.14
HP,laptop,36,75100.0,89,new,32,512,0,0,54057.58
Apple,laptop,53,130500.0,90,new,8,1024,0,2,65086.54
Asus,laptop,48,59700.0,12,poor,32,1024,0,0,28517.26
OnePlus,phone,18,67000.0,38,fair,12,256,1,0,51692.28
Realme,phone,28,21700.0,97,new,4,512,1,0,16841.22
OnePlus,phone,32,36500.0,47,good,8,512,0,0,23318.36
Realme,phone,6,31500.0,19,poor,8,128,0,0,27719.86
Asus,laptop,17,78300.0,31,fair,32,512,1,1,57592.86
Apple,laptop,38,180300.0,8,poor,16,1024,0,0,96451.65
Lenovo,laptop,25,50000.0,94,new,8,1024,1,0,41578.13
Samsung,phone,4,97200.0,46,good,6,512,0,1,89459.25
OnePlus,phone,36,78800.0,66,excellent,8,64,1,0,54554.41
Dell,laptop,17,70200.0,23,poor,8,256,0,0,51030.34
HP,laptop,34,51400.0,22,poor,8,1024,0,0,31653.96
Acer,laptop,54,28300.0,7,poor,64,512,0,1,10226.2
Acer,laptop,57,41500.0,63,good,4,256,0,1,19474.16
OnePlus,phone,46,43400.0,23,poor,8,64,0,1,19215.43
Acer,laptop,57,73400.0,17,poor,64,512,1,0,29250.31
Xiaomi,phone,49,36200.0,28,fair,16,128,0,0,17816.44
Samsung,phone,51,35900.0,82,excellent,12,64,0,0,20761.97
Lenovo,laptop,26,89000.0,39,fair,8,256,1,1,61766.65
Xiaomi,phone,56,19600.0,93,new,12,128,1,3,9194.66
HP,laptop,47,91000.0,40,fair,16,256,1,0,51195.99
Acer,laptop,36,45200.0,26,fair,8,1024,1,0,27102.81
OnePlus,phone,1,48600.0,79,excellent,12,512,0,0,46785.88
Apple,phone,26,110500.0,47,good,4,512,1,2,73402.11
Apple,phone,29,112400.0,15,poor,8,512,0,0,70642.22
Samsung,phone,12,69400.0,87,new,6,64,1,0,62238.15
Apple,laptop,23,144500.0,21,poor,8,1024,0,0,97463.3
Apple,phone,14,55900.0,23,poor,12,512,1,0,43435.48
Samsung,phone,59,29900.0,90,new,6,64,1,0,16779.55
Dell,laptop,42,45300.0,55,good,8,512,1,1,25236.52
Acer,laptop,53,31000.0,79,excellent,4,1024,1,0,18382.23
Xiaomi,phone,3,27600.0,20,poor,32,64,1,0,25271.11
Asus,laptop,58,56000.0,40,fair,64,512,1,1,22530.92
Oppo,phone,44,12000.0,20,poor,8,256,0,0,5999.6
MSI,laptop,37,61200.0,95,new,4,1024,1,2,39788.46
HP,laptop,23,81900.0,87,new,16,256,0,0,66275.72
Dell,laptop,59,112500.0,86,new,8,1024,1,1,59196.05
Realme,phone,47,18100.0,72,excellent,16,64,1,0,11325.83
Apple,laptop,6,100000.0,22,poor,64,256,0,2,77349.7
Apple,phone,20,63500.0,18,poor,4,256,1,0,43165.35
Dell,laptop,19,66300.0,64,good,32,256,0,0,54697.09
Apple,laptop,24,91600.0,25,poor,32,1024,0,0,60857.89
Apple,laptop,53,125500.0,29,fair,32,512,1,0,57233.76
Asus,laptop,50,79400.0,8,poor,16,512,1,0,36142.48
Xiaomi,phone,21,26700.0,56,good,6,128,1,0,20869.61
Xiaomi,phone,43,26500.0,46,good,4,256,1,0,14797.62
Asus,laptop,28,96700.0,44,fair,4,256,0,0,64858.75
Realme,phone,35,7600.0,67,excellent,4,256,1,0,5410.92
Acer,laptop,33,63500.0,31,fair,16,1024,1,0,38690.47
OnePlus,phone,48,65800.0,37,fair,8,128,0,2,27979.32
Apple,laptop,16,151800.0,12,poor,64,256,1,1,105613.18
Samsung,phone,52,38200.0,11,poor,8,128,0,0,15957.54
Acer,laptop,55,45600.0,51,good,64,256,1,0,21838.44
Xiaomi,phone,15,32700.0,76,excellent,32,512,0,1,25704.57
Xiaomi,phone,24,11800.0,87,new,8,64,0,1,8711.6
Asus,laptop,54,54600.0,29,fair,4,256,1,0,24989.26
Oppo,phone,45,40600.0,77,excellent,6,512,0,0,24817.66
Acer,laptop,55,70800.0,44,fair,16,1024,1,1,32124.1
Lenovo,laptop,21,93600.0,73,excellent,8,256,0,0,72756.57
HP,laptop,16,64300.0,59,good,32,256,0,0,50628.14
Apple,phone,37,99600.0,45,fair,6,128,1,0,61994.93
Apple,phone,7,112800.0,99,new,12,256,0,0,111421.71
Vivo,phone,28,38800.0,89,new,16,128,1,0,32105.5
Acer,laptop,34,68600.0,21,poor,8,256,0,0,39712.73
OnePlus,phone,17,48500.0,84,excellent,12,512,1,0,41548.84
Xiaomi,phone,36,11400.0,65,good,6,64,0,1,7308.72
OnePlus,phone,15,39700.0,23,poor,4,256,0,0,28431.81
MSI,laptop,32,150800.0,28,fair,32,512,0,0,96877.42
HP,laptop,19,70300.0,67,excellent,8,256,1,0,54918.44
Xiaomi,phone,15,32200.0,12,poor,8,256,1,0,24976.55
Samsung,phone,49,66900.0,91,new,6,256,0,0,41998.97
Apple,laptop,33,89600.0,18,poor,16,1024,0,1,51490.68
Apple,phone,5,50600.0,98,new,12,512,0,0,50837.17
Xiaomi,phone,19,11600.0,55,good,12,256,1,0,9669.14
Xiaomi,phone,1,21500.0,32,fair,4,64,1,1,21089.5
OnePlus,phone,45,76900.0,91,new,16,256,1,1,49941.59
MSI,laptop,29,171800.0,26,fair,8,512,0,0,113276.49
Acer,laptop,16,37200.0,84,excellent,8,1024,0,0,30722.38
Apple,phone,7,140800.0,28,fair,12,128,0,1,111584.21
Apple,phone,17,113200.0,7,poor,12,512,1,2,76716.6
Acer,laptop,40,63900.0,53,good,4,256,1,0,41222.43
Acer,laptop,43,45400.0,69,excellent,16,256,1,0,27870.18
Realme,phone,21,29800.0,93,new,12,64,1,0,25090.77
Samsung,phone,52,88200.0,24,poor,4,128,1,0,41311.0
Xiaomi,phone,32,28100.0,73,excellent,6,64,0,0,19093.04
Apple,laptop,18,84900.0,81,excellent,16,1024,1,0,74132.92
Acer,laptop,52,84600.0,38,fair,32,1024,1,0,42427.07
Apple,phone,57,138200.0,63,good,4,64,1,0,70117.29
MSI,laptop,2,73300.0,91,new,4,256,1,0,75897.53
OnePlus,phone,2,59400.0,96,new,32,256,1,0,57493.12
Asus,laptop,2,90900.0,5,poor,64,256,0,1,73733.6
Vivo,phone,7,9700.0,8,poor,16,512,0,0,7842.15
Acer,laptop,1,59700.0,35,fair,4,512,1,1,56543.76
Samsung,phone,33,43100.0,21,poor,6,512,0,0,26584.89
Asus,laptop,47,94600.0,46,good,32,256,1,1,47473.72
HP,laptop,57,80600.0,54,good,32,256,1,0,38320.64
Apple,phone,36,133200.0,52,good,8,512,0,3,73091.37
Oppo,phone,55,44800.0,99,new,8,64,1,0,26975.28
Acer,laptop,57,67200.0,61,good,64,512,0,0,31901.31
Vivo,phone,12,20800.0,19,poor,16,128,1,0,15961.57
Xiaomi,phone,46,39600.0,92,new,6,64,0,3,21729.92
Realme,phone,2,20100.0,21,poor,16,128,0,0,17608.83
Apple,phone,4,53700.0,33,fair,32,64,0,2,46302.76
Realme,phone,21,22600.0,9,poor,32,512,0,0,15078.99
Asus,laptop,57,49900.0,60,good,8,512,0,0,24444.24
Apple,laptop,54,84900.0,79,excellent,16,1024,0,0,46809.76
Realme,phone,7,28800.0,83,excellent,6,256,0,1,27125.87
Oppo,phone,41,17300.0,51,good,8,128,0,2,8942.49
Xiaomi,phone,13,18600.0,43,fair,16,128,1,0,15757.89
Apple,phone,25,53900.0,25,poor,6,64,1,1,35154.96
OnePlus,phone,54,48700.0,11,poor,12,256,1,2,17840.38
Xiaomi,phone,55,26400.0,68,excellent,12,64,1,1,13172.73
Vivo,phone,54,32600.0,61,good,8,256,0,0,17046.56
Dell,laptop,48,120000.0,54,good,32,256,0,1,60275.4
Realme,phone,7,27700.0,100,new,6,256,1,0,28063.61
Dell,laptop,11,83500.0,44,fair,8,512,1,3,65580.21
Realme,phone,8,32700.0,72,excellent,6,64,0,0,28957.65
Apple,laptop,57,114100.0,26,fair,4,1024,0,0,46853.74
Asus,laptop,10,80900.0,40,fair,4,1024,0,0,66792.88
HP,laptop,27,56400.0,13,poor,32,1024,1,0,36728.04
Vivo,phone,36,29600.0,15,poor,4,64,1,1,16274.56
Asus,laptop,1,78600.0,7,poor,16,1024,0,1,66057.45
Xiaomi,phone,5,33700.0,29,fair,16,256,1,0,29462.67
Samsung,phone,10,49500.0,61,good,6,256,0,0,42225.26
Dell,laptop,60,99800.0,33,fair,8,256,0,2,33800.25
Dell,laptop,1,86100.0,80,excellent,8,256,1,1,83545.58
Lenovo,laptop,33,58300.0,61,good,4,256,0,0,38853.06
MSI,laptop,30,87100.0,24,poor,8,256,0,0,54223.86
Acer,laptop,24,68100.0,45,fair,4,512,1,3,45702.56
Asus,laptop,16,119900.0,27,fair,32,1024,0,0,88313.73
Apple,phone,45,52500.0,96,new,8,512,0,3,29714.73
Samsung,phone,12,74100.0,92,new,32,128,1,1,66232.95
Vivo,phone,21,36000.0,84,excellent,4,256,0,1,28589.2
MSI,laptop,6,191800.0,36,fair,8,256,0,1,170804.35
Dell,laptop,32,110000.0,68,excellent,32,256,1,1,74641.99
Apple,laptop,33,119500.0,25,poor,64,1024,1,2,67260.67
HP,laptop,8,60800.0,88,new,64,1024,1,1,55893.63
Xiaomi,phone,27,26500.0,90,new,6,64,0,0,21093.53
Lenovo,laptop,8,64200.0,48,good,32,1024,0,0,53577.47
OnePlus,phone,26,56400.0,93,new,12,64,1,0,45028.12
Realme,phone,15,33100.0,9,poor,6,256,0,0,23048.54
Xiaomi,phone,19,10500.0,44,fair,12,512,0,0,7967.73
Realme,phone,5,15700.0,14,poor,16,256,0,2,11937.48
Dell,laptop,34,74600.0,56,good,64,512,1,0,50314.27
Apple,phone,8,82300.0,80,excellent,16,64,1,0,80751.4
Xiaomi,phone,36,26300.0,80,excellent,8,512,1,0,19176.95
Apple,laptop,40,121000.0,38,fair,8,256,1,1,70873.4
Lenovo,laptop,14,60700.0,32,fair,16,1024,0,0,46417.82
Samsung,phone,10,56900.0,76,excellent,8,64,0,0,49089.61
Oppo,phone,11,22500.0,94,new,8,128,1,0,21246.76
Lenovo,laptop,4,34100.0,45,fair,16,512,0,0,31721.34
Apple,laptop,57,100900.0,42,fair,64,256,0,0,44531.98
Dell,laptop,4,44900.0,56,good,8,256,0,0,43510.66
Realme,phone,38,21800.0,98,new,32,512,1,0,15914.41
Vivo,phone,44,33700.0,35,fair,6,64,0,1,16758.5
Vivo,phone,22,22900.0,40,fair,6,64,0,1,15100.06
Acer,laptop,32,56800.0,9,poor,64,256,0,0,34177.76
MSI,laptop,32,196500.0,99,new,16,1024,0,0,150260.12
Oppo,phone,1,30200.0,72,excellent,32,64,1,0,31508.88
OnePlus,phone,8,47400.0,24,poor,6,256,0,0,38455.92
Xiaomi,phone,4,28800.0,10,poor,4,256,0,0,23595.96
Samsung,phone,16,73700.0,43,fair,8,256,1,0,59495.92
Acer,laptop,52,82500.0,92,new,4,1024,0,0,49980.22
Apple,laptop,57,115400.0,71,excellent,32,256,1,0,62909.15
Apple,laptop,18,88700.0,5,poor,8,256,1,0,63907.0
Xiaomi,phone,54,36100.0,90,new,4,512,0,2,17404.93
Realme,phone,35,12500.0,74,excellent,8,256,1,0,8615.71
OnePlus,phone,29,59600.0,79,excellent,4,128,1,0,43418.54
Lenovo,laptop,12,98400.0,71,excellent,4,256,1,0,88079.1
Lenovo,laptop,26,40000.0,27,fair,4,256,0,0,25735.09
MSI,laptop,11,140700.0,15,poor,32,512,1,1,101385.39
Asus,laptop,36,123400.0,81,excellent,64,1024,1,1,86427.94
Acer,laptop,57,87800.0,33,fair,4,512,1,0,40387.08
Apple,phone,5,121000.0,24,poor,16,64,1,2,103842.05
Lenovo,laptop,47,75100.0,22,poor,4,1024,0,2,33291.91
Samsung,phone,37,71900.0,46,good,32,64,1,0,43816.84
Vivo,phone,43,29600.0,48,good,16,64,1,0,17573.29
Xiaomi,phone,28,39200.0,6,poor,4,64,1,0,25313.83
Xiaomi,phone,39,35600.0,34,fair,12,64,1,0,21840.9
Apple,phone,44,140100.0,41,fair,4,512,0,0,79401.35
Acer,laptop,24,78600.0,38,fair,32,512,1,2,53856.46
Asus,laptop,14,71800.0,14,poor,4,1024,0,0,55030.24
Realme,phone,50,31300.0,90,new,32,256,0,1,18060.27
Acer,laptop,1,51400.0,97,new,8,512,1,0,49338.17
Asus,laptop,52,87200.0,75,excellent,32,256,1,0,49298.95
OnePlus,phone,21,31400.0,44,fair,16,128,1,0,24705.44
Acer,laptop,56,45100.0,87,new,32,256,1,0,26457.85
OnePlus,phone,40,56000.0,78,excellent,6,128,1,0,37028.58
Acer,laptop,34,52100.0,58,good,8,256,0,0,35462.27
Apple,phone,15,53700.0,32,fair,12,512,0,0,38819.6
Dell,laptop,18,40000.0,90,new,4,1024,1,2,33484.48
Lenovo,laptop,51,37700.0,78,excellent,4,256,0,0,20398.2
Oppo,phone,46,41300.0,25,poor,32,512,1,0,20340.53
Apple,laptop,22,125300.0,44,fair,4,256,0,0,90925.44
Xiaomi,phone,36,33900.0,39,fair,4,64,1,0,22004.9
Realme,phone,10,25800.0,72,excellent,6,512,0,0,24108.83
Dell,laptop,16,110800.0,17,poor,32,512,0,2,72754.75
Samsung,phone,30,41300.0,29,fair,32,256,0,0,25336.26
Oppo,phone,7,31200.0,5,poor,16,256,1,0,26368.91
Oppo,phone,49,36900.0,50,good,16,128,1,0,20788.36
Realme,phone,26,15900.0,54,good,16,128,1,0,11595.74
Oppo,phone,29,30500.0,74,excellent,32,512,1,2,21366.1
Lenovo,laptop,41,65700.0,43,fair,32,512,0,0,37178.38
Samsung,phone,2,89800.0,46,good,4,64,0,0,83777.62
Vivo,phone,60,21100.0,67,excellent,32,256,1,2,8849.45
Samsung,phone,32,63400.0,46,good,4,128,0,0,43083.52
Lenovo,laptop,52,88100.0,58,good,4,1024,1,1,44595.53
MSI,laptop,9,113400.0,35,fair,32,256,1,0,98898.44
Dell,laptop,50,112900.0,19,poor,4,256,1,0,54449.25
Lenovo,laptop,51,70000.0,55,good,8,512,0,0,37503.4
Acer,laptop,40,50300.0,40,fair,16,1024,1,0,29891.99
Vivo,phone,15,23900.0,26,fair,6,512,1,0,19186.59
Apple,laptop,37,105400.0,14,poor,64,1024,0,1,55807.29
Vivo,phone,18,28100.0,91,new,12,128,0,0,23021.21
Asus,laptop,26,119300.0,63,good,32,512,0,0,90075.6
Apple,laptop,15,158800.0,16,poor,8,256,1,0,113185.95
Oppo,phone,42,34100.0,17,poor,8,256,0,0,17367.63
Oppo,phone,6,21100.0,27,fair,16,256,1,0,19407.67
Apple,phone,55,84000.0,66,excellent,4,128,0,2,35835.64
Asus,laptop,35,50600.0,92,new,16,512,0,0,34715.33
HP,laptop,47,56600.0,41,fair,16,256,1,0,32157.33
Lenovo,laptop,16,35800.0,89,new,16,512,1,0,30548.71
Samsung,phone,17,25600.0,99,new,12,512,1,0,23424.09
Vivo,phone,25,17600.0,5,poor,8,64,0,1,10176.51
MSI,laptop,57,184100.0,68,excellent,32,1024,1,3,78352.11
Vivo,phone,24,22800.0,74,excellent,4,64,1,0,18037.19
Asus,laptop,56,62100.0,86,new,64,256,0,0,33437.63
Lenovo,laptop,18,93200.0,44,fair,64,512,0,0,73164.94
HP,laptop,58,102800.0,65,good,16,256,1,0,53282.59
MSI,laptop,45,155000.0,87,new,64,512,1,0,99192.01
Asus,laptop,37,92300.0,23,poor,4,1024,0,0,51133.29
Oppo,phone,9,13300.0,31,fair,12,64,1,0,11131.34
Acer,laptop,60,26900.0,16,poor,16,1024,1,1,9654.18
Apple,laptop,46,90400.0,61,good,4,512,1,0,53434.63
MSI,laptop,28,101800.0,25,poor,16,1024,1,0,68228.32
Apple,laptop,11,104400.0,60,good,4,256,0,0,91366.57
Samsung,phone,4,57200.0,49,good,12,256,1,0,55369.99
Asus,laptop,12,47100.0,91,new,32,256,0,0,42272.4
Xiaomi,phone,50,18600.0,22,poor,6,64,0,1,8351.6
Apple,laptop,10,84500.0,25,poor,16,1024,1,0,68315.66
Asus,laptop,33,72200.0,41,fair,8,512,1,0,45454.33
Oppo,phone,31,16500.0,16,poor,6,64,0,0,9461.26
Vivo,phone,25,15000.0,95,new,16,128,1,2,10960.66
HP,laptop,18,66000.0,54,good,16,512,0,0,50090.21
Acer,laptop,48,78300.0,38,fair,64,512,1,1,39231.29
Acer,laptop,59,87700.0,49,good,16,1024,1,2,35720.12
Dell,laptop,17,113400.0,87,new,16,512,1,0,99134.52
Dell,laptop,14,74800.0,43,fair,4,512,1,2,56350.09
Xiaomi,phone,28,34600.0,88,new,4,128,1,0,28592.02
Apple,phone,38,52000.0,26,fair,4,512,1,0,28922.6
Realme,phone,35,19500.0,8,poor,6,64,1,0,10650.14
MSI,laptop,1,90500.0,16,poor,64,1024,1,0,85849.77
Realme,phone,40,17400.0,59,good,6,64,0,1,10507.2
Apple,laptop,24,135000.0,47,good,4,256,1,0,102368.02
Realme,phone,12,25600.0,37,fair,4,128,0,0,21243.17
MSI,laptop,11,171600.0,11,poor,8,512,1,0,129994.52
Asus,laptop,59,116300.0,13,poor,32,256,0,0,43327.8
Dell,laptop,24,116500.0,55,good,64,256,0,2,78161.28
Vivo,phone,53,27900.0,97,new,8,512,1,0,16084.77
Apple,phone,55,135300.0,12,poor,6,128,1,1,52017.09
Samsung,phone,50,98500.0,89,new,16,256,1,0,57760.22
Vivo,phone,9,25900.0,86,new,6,64,0,0,24877.61
Dell,laptop,29,60100.0,64,good,8,1024,1,2,41502.37
Oppo,phone,40,28800.0,51,good,32,128,0,0,17833.22
OnePlus,phone,20,39300.0,33,fair,8,64,0,0,28014.52
Xiaomi,phone,42,24700.0,77,excellent,4,256,1,1,14814.42
Samsung,phone,15,71500.0,97,new,4,256,0,0,62563.22
HP,laptop,48,68300.0,35,fair,4,1024,1,0,36800.51
Acer,laptop,20,86200.0,30,fair,32,256,0,1,60288.08
Apple,phone,29,144800.0,54,good,4,128,1,1,99308.89
Asus,laptop,51,71100.0,65,good,4,512,0,0,37375.16
OnePlus,phone,46,48900.0,72,excellent,32,256,0,2,26048.74
Asus,laptop,19,99700.0,87,new,8,1024,1,1,84524.46
Oppo,phone,10,14800.0,36,fair,32,512,0,1,11672.94
Realme,phone,18,22700.0,15,poor,12,256,1,2,15583.16
Xiaomi,phone,54,22700.0,16,poor,32,64,1,0,10317.26
Vivo,phone,10,17400.0,94,new,32,256,1,0,16853.8
Lenovo,laptop,19,96900.0,89,new,32,1024,0,0,78062.72
Acer,laptop,17,55800.0,19,poor,64,256,1,0,42144.75
OnePlus,phone,30,75500.0,8,poor,4,512,1,0,48009.51
Asus,laptop,14,41300.0,25,poor,4,1024,0,0,31975.24
HP,laptop,26,95400.0,18,poor,4,256,0,0,62613.64
HP,laptop,51,68700.0,70,excellent,32,1024,1,0,38714.04
MSI,laptop,31,173200.0,42,fair,32,256,1,2,107824.18
Samsung,phone,11,45400.0,28,fair,12,64,0,0,36997.44
Samsung,phone,53,26300.0,16,poor,12,256,0,0,10667.18
HP,laptop,11,105200.0,62,good,32,512,0,0,94691.06
HP,laptop,9,65300.0,93,new,32,256,1,3,55700.18
Dell,laptop,10,87800.0,21,poor,32,1024,0,1,63578.92
Acer,laptop,35,84800.0,10,poor,64,256,1,1,46140.54
Realme,phone,2,26200.0,62,good,8,64,0,0,26109.12
MSI,laptop,37,141600.0,86,new,64,512,0,0,99976.27
Apple,phone,15,79400.0,77,excellent,12,256,1,0,72017.38
Realme,phone,5,25500.0,12,poor,16,64,0,0,21796.04
Oppo,phone,28,20100.0,30,fair,12,256,0,0,12905.03
Xiaomi,phone,52,32600.0,83,excellent,32,512,0,0,18619.14
Asus,laptop,34,47300.0,16,poor,32,256,1,0,27429.29
MSI,laptop,49,192600.0,77,excellent,4,512,0,0,109343.16
Samsung,phone,48,63000.0,87,new,32,128,1,3,33065.55
Acer,laptop,50,38600.0,74,excellent,32,256,1,0,21694.61
Realme,phone,44,21200.0,71,excellent,8,64,0,0,13473.73
Vivo,phone,42,15400.0,90,new,6,512,1,0,10933.68
Samsung,phone,29,30500.0,24,poor,8,64,1,0,19691.02
Realme,phone,19,13700.0,31,fair,16,512,1,0,10719.73
Realme,phone,14,25700.0,97,new,4,64,0,1,22345.58
Realme,phone,19,26600.0,42,fair,4,256,1,0,20554.61
Vivo,phone,11,27300.0,28,fair,16,128,0,1,19738.46
MSI,laptop,20,173400.0,78,excellent,64,256,0,0,141870.16
HP,laptop,20,34100.0,69,excellent,64,512,1,1,26736.24
OnePlus,phone,26,61400.0,13,poor,4,512,0,0,39359.01
HP,laptop,22,89600.0,60,good,16,512,1,0,67767.64
OnePlus,phone,21,31000.0,89,new,16,512,1,0,27338.95
Lenovo,laptop,57,98200.0,77,excellent,64,512,0,0,52225.64
OnePlus,phone,48,52800.0,21,poor,4,256,1,0,26211.61
Vivo,phone,19,20200.0,24,poor,16,64,0,0,14185.58
Xiaomi,phone,35,37200.0,10,poor,12,128,1,0,20877.02
OnePlus,phone,60,79000.0,48,good,8,64,0,1,30921.87
OnePlus,phone,55,68200.0,35,fair,32,256,0,0,29646.15
Samsung,phone,18,63400.0,52,good,16,256,1,0,48755.62
Lenovo,laptop,20,64900.0,100,new,4,256,0,0,53404.82
Apple,phone,30,123600.0,77,excellent,8,256,1,0,88469.03
HP,laptop,30,61000.0,51,good,32,512,1,0,42373.75
Apple,laptop,40,139900.0,48,good,8,1024,1,0,88924.42
Vivo,phone,20,35900.0,53,good,8,64,1,0,28982.28
Xiaomi,phone,47,25400.0,100,new,8,64,0,0,16769.14
Realme,phone,41,7200.0,69,excellent,32,256,1,0,4626.8
Vivo,phone,56,27400.0,12,poor,8,128,0,0,10916.19
Apple,phone,55,135700.0,65,good,8,512,0,0,65385.3
Acer,laptop,11,76500.0,43,fair,32,1024,1,0,65990.35
MSI,laptop,52,82200.0,24,poor,16,1024,1,0,40329.98
Lenovo,laptop,38,78300.0,12,poor,64,256,1,0,42055.99
Apple,phone,52,76000.0,74,excellent,16,128,0,3,35580.07
Apple,laptop,57,123200.0,8,poor,16,1024,1,0,49642.96
Dell,laptop,50,47600.0,46,good,8,1024,1,1,24595.69
Acer,laptop,16,70100.0,87,new,8,1024,1,1,58851.33
OnePlus,phone,12,63500.0,6,poor,32,512,0,2,41729.03
Apple,laptop,40,175500.0,85,excellent,4,512,1,0,118191.59
OnePlus,phone,12,49700.0,47,good,8,256,0,0,40028.92
MSI,laptop,8,129500.0,59,good,8,1024,0,0,120538.98
Acer,laptop,26,43500.0,67,excellent,64,512,1,0,32476.39
OnePlus,phone,11,37500.0,45,fair,4,128,1,0,32838.28
MSI,laptop,33,178100.0,77,excellent,16,256,1,0,133610.94
Vivo,phone,8,9900.0,42,fair,6,64,1,3,7810.65
OnePlus,phone,23,27200.0,45,fair,12,64,1,0,19710.9
Apple,laptop,57,144200.0,84,excellent,32,256,1,0,75229.16
Xiaomi,phone,34,36000.0,21,poor,32,512,0,0,21920.26
Asus,laptop,17,113700.0,99,new,8,1024,1,0,97361.37
Samsung,phone,47,95200.0,30,fair,4,64,0,1,43579.72
Vivo,phone,54,21300.0,55,good,12,64,1,0,11111.53
Xiaomi,phone,15,17600.0,43,fair,8,64,1,1,13357.93
Asus,laptop,38,35000.0,58,good,4,256,0,0,21394.17
Oppo,phone,41,39500.0,40,fair,4,128,1,0,23522.45
Xiaomi,phone,35,23600.0,27,fair,12,128,0,0,13727.79
HP,laptop,28,91300.0,25,poor,16,256,1,0,63096.72
Asus,laptop,35,125500.0,50,good,32,1024,0,0,78936.54
Samsung,phone,54,97700.0,7,poor,12,64,1,0,41302.28
Xiaomi,phone,54,34900.0,85,excellent,6,64,1,1,18408.37
Apple,phone,44,138700.0,69,excellent,12,64,1,1,81995.08
Oppo,phone,42,33300.0,98,new,4,64,0,1,21887.95
Asus,laptop,59,104300.0,42,fair,32,256,0,1,43453.85
Vivo,phone,10,31800.0,55,good,32,512,0,0,26515.84
Oppo,phone,42,12300.0,21,poor,8,128,1,2,6076.83
Samsung,phone,23,62400.0,35,fair,4,512,1,0,43091.57
Realme,phone,19,9000.0,23,poor,8,512,0,0,6567.74
OnePlus,phone,43,45800.0,80,excellent,6,64,1,1,29685.83
Asus,laptop,24,113500.0,70,excellent,4,256,1,3,77775.63
Xiaomi,phone,50,16400.0,90,new,4,256,0,0,9789.72
MSI,laptop,57,81200.0,64,good,64,512,1,3,32686.38
Realme,phone,26,21500.0,26,fair,16,64,0,1,14024.16
HP,laptop,5,30300.0,5,poor,16,1024,1,1,25561.42
Apple,phone,2,116600.0,71,excellent,4,512,1,0,116686.18
Oppo,phone,45,38300.0,88,new,6,256,1,2,23778.66
Asus,laptop,49,51600.0,97,new,8,1024,0,0,30472.62
Asus,laptop,35,114700.0,30,fair,16,256,1,0,68511.47
HP,laptop,55,81600.0,33,fair,16,512,0,1,33682.15
Samsung,phone,53,65100.0,35,fair,32,128,1,0,32159.55
Realme,phone,5,10700.0,21,poor,4,64,0,1,8719.57
Apple,phone,18,133400.0,57,good,32,64,1,1,106905.25
Lenovo,laptop,1,89800.0,69,excellent,16,1024,1,0,93563.82
Dell,laptop,8,117800.0,88,new,32,512,0,0,111641.66
Acer,laptop,31,59600.0,72,excellent,32,512,0,0,41016.06
Apple,phone,54,142400.0,36,fair,8,64,0,0,64537.16
Apple,laptop,59,98300.0,28,fair,4,512,1,0,42315.9
Vivo,phone,55,23400.0,62,good,8,256,0,0,11488.17
Lenovo,laptop,39,78700.0,17,poor,16,1024,1,0,45150.06
Acer,laptop,13,61700.0,65,good,8,256,0,1,50492.27
HP,laptop,45,38600.0,30,fair,4,512,0,1,18961.24
Acer,laptop,40,25700.0,80,excellent,32,512,1,1,16469.25
Samsung,phone,9,52900.0,25,poor,8,64,1,0,42944.48
MSI,laptop,16,80700.0,70,excellent,32,512,0,0,66414.04
Oppo,phone,4,25700.0,49,good,6,64,1,0,23877.63
OnePlus,phone,54,70700.0,21,poor,4,512,1,1,28241.13
Dell,laptop,54,92200.0,7,poor,8,512,1,0,40409.71
Acer,laptop,43,60900.0,5,poor,32,1024,0,0,30485.65
HP,laptop,5,75100.0,24,poor,8,512,0,0,63679.96
Xiaomi,phone,32,37300.0,7,poor,8,64,1,0,21059.72
Oppo,phone,15,19100.0,78,excellent,32,512,1,0,17193.14
Realme,phone,50,20300.0,59,good,16,256,0,0,11047.83
Asus,laptop,15,76400.0,42,fair,8,256,1,0,64000.66
Dell,laptop,15,68100.0,78,excellent,64,512,0,0,57107.15
HP,laptop,33,93300.0,63,good,4,256,0,0,66323.31
Asus,laptop,8,98800.0,19,poor,64,256,1,0,81059.44
HP,laptop,55,95500.0,11,poor,8,256,1,0,40099.62
OnePlus,phone,1,72500.0,62,good,32,256,0,0,72632.79
OnePlus,phone,17,58600.0,32,fair,32,256,1,0,46715.64
Lenovo,laptop,28,32900.0,69,excellent,8,512,0,0,24607.12
HP,laptop,26,66900.0,82,excellent,16,256,1,0,51205.01
MSI,laptop,9,80400.0,48,good,16,1024,1,0,69063.33
HP,laptop,36,74100.0,6,poor,32,512,1,1,38909.28
Acer,laptop,40,29200.0,80,excellent,8,512,0,1,18953.99
HP,laptop,38,71500.0,23,poor,64,1024,0,1,38113.63
Xiaomi,phone,29,18200.0,31,fair,4,512,1,0,11589.54
Xiaomi,phone,48,33800.0,94,new,32,256,1,0,21410.37
Apple,laptop,29,83600.0,27,fair,4,1024,0,1,49011.12
Acer,laptop,23,80700.0,8,poor,8,256,0,0,53039.83
Acer,laptop,53,69000.0,36,fair,64,256,1,0,32448.45
Apple,phone,13,129100.0,15,poor,12,128,0,1,90387.4
OnePlus,phone,10,79900.0,25,poor,8,256,0,0,64104.84
Xiaomi,phone,3,11700.0,61,good,6,512,1,0,11152.78
Vivo,phone,33,37500.0,57,good,32,64,1,0,26758.94
Xiaomi,phone,9,34100.0,47,good,12,128,0,1,29541.97
HP,laptop,44,110000.0,96,new,64,256,0,1,67101.91
HP,laptop,51,42000.0,14,poor,4,1024,0,0,17454.61
Xiaomi,phone,49,12000.0,29,fair,32,256,1,1,5416.18
Xiaomi,phone,13,19900.0,42,fair,16,512,1,0,16445.92
Lenovo,laptop,42,92000.0,8,poor,8,256,0,0,45756.33
Oppo,phone,40,44400.0,61,good,8,64,1,0,27203.62
HP,laptop,6,65800.0,23,poor,64,256,1,0,56447.92
Oppo,phone,33,11500.0,72,excellent,8,512,1,0,8051.66
Realme,phone,31,31500.0,78,excellent,32,128,0,0,22578.1
Xiaomi,phone,25,10200.0,64,good,8,128,1,1,7273.3
Dell,laptop,31,71300.0,41,fair,4,1024,0,0,47709.51
Vivo,phone,42,37200.0,6,poor,16,128,0,0,19029.71
Apple,phone,1,71900.0,52,good,8,256,1,0,74398.16
Apple,phone,36,106300.0,12,poor,4,64,1,1,59660.73
OnePlus,phone,49,25400.0,42,fair,12,512,0,1,12263.28
Samsung,phone,47,38100.0,71,excellent,16,128,1,0,22622.04
Vivo,phone,3,16000.0,74,excellent,6,128,0,0,16768.5
Apple,phone,24,73200.0,33,fair,4,512,1,2,47773.04
Lenovo,laptop,18,59000.0,61,good,32,512,0,0,47501.07
Apple,phone,9,116800.0,84,excellent,4,512,1,3,98187.35
Lenovo,laptop,21,77800.0,42,fair,4,1024,1,0,57189.63
Oppo,phone,45,13400.0,31,fair,12,128,1,0,6974.77
Oppo,phone,20,43900.0,71,excellent,16,256,0,0,35268.09
Acer,laptop,28,77000.0,98,new,16,256,1,0,63790.09
Asus,laptop,33,128100.0,5,poor,32,1024,0,1,69036.32
MSI,laptop,15,93000.0,10,poor,32,256,1,1,66007.2
Dell,laptop,15,92800.0,17,poor,16,512,1,0,70661.84
Dell,laptop,29,103200.0,75,excellent,4,256,0,1,76107.86
Samsung,phone,12,54600.0,72,excellent,4,64,1,0,50467.0
MSI,laptop,50,60300.0,63,good,32,1024,0,0,32055.74
Oppo,phone,32,22100.0,95,new,12,512,1,0,17089.29
Vivo,phone,16,30600.0,71,excellent,8,128,1,1,25988.33
MSI,laptop,39,65200.0,89,new,32,512,1,0,48009.59
Oppo,phone,57,43100.0,93,new,16,256,0,1,22653.7
Lenovo,laptop,22,52100.0,30,fair,32,256,0,0,35432.13
Asus,laptop,59,42000.0,69,excellent,64,256,0,0,20707.02
OnePlus,phone,50,36400.0,57,good,12,256,1,0,19103.25
Asus,laptop,37,70000.0,8,poor,16,1024,1,1,37273.41
Samsung,phone,51,37400.0,99,new,4,64,0,0,22628.51
Acer,laptop,53,84100.0,74,excellent,4,256,1,1,45919.1
Apple,phone,9,148000.0,71,excellent,6,256,1,0,137054.71
Acer,laptop,31,75000.0,50,good,4,1024,0,0,48596.04
Oppo,phone,35,43900.0,37,fair,12,256,1,0,26526.81
Oppo,phone,53,10000.0,96,new,16,128,0,1,5565.28
MSI,laptop,22,164300.0,44,fair,32,1024,0,0,120337.54
MSI,laptop,1,77100.0,38,fair,64,1024,0,0,77428.8
Samsung,phone,3,66700.0,45,fair,16,512,0,0,61524.4
Realme,phone,13,30200.0,11,poor,8,64,0,0,22916.13
Samsung,phone,53,78400.0,86,new,8,512,0,1,43369.33
OnePlus,phone,26,74800.0,85,excellent,16,64,1,1,54908.89
Oppo,phone,18,19800.0,67,excellent,6,128,1,0,16736.5
Dell,laptop,48,75100.0,96,new,64,512,0,0,45495.86
MSI,laptop,14,111000.0,93,new,4,512,0,0,103133.99
MSI,laptop,4,73300.0,18,poor,8,256,1,1,63327.31
Apple,laptop,54,135100.0,77,excellent,4,1024,1,0,73110.31
MSI,laptop,43,160700.0,75,excellent,16,1024,1,2,97740.59
OnePlus,phone,24,61100.0,71,excellent,16,512,0,2,45258.33
Asus,laptop,21,69400.0,10,poor,8,512,1,0,47544.74
Acer,laptop,31,81000.0,27,fair,32,512,0,0,52065.17
OnePlus,phone,60,61200.0,76,excellent,8,128,1,1,28026.86
Acer,laptop,23,84100.0,31,fair,4,512,1,1,60083.25
Lenovo,laptop,20,89900.0,31,fair,16,256,0,0,67119.3
Oppo,phone,47,14500.0,46,good,6,64,0,2,6594.77
Xiaomi,phone,43,31100.0,95,new,6,256,1,0,21400.26
Realme,phone,38,12500.0,82,excellent,12,256,1,1,7916.11
Asus,laptop,27,105400.0,83,excellent,4,1024,1,1,82653.97
Apple,laptop,57,123000.0,73,excellent,4,1024,0,2,54837.63
Asus,laptop,1,42400.0,14,poor,4,256,0,0,37668.15
OnePlus,phone,47,33300.0,63,good,4,128,1,2,17212.83
HP,laptop,25,60500.0,79,excellent,64,512,0,0,45949.1
Asus,laptop,27,91500.0,85,excellent,4,1024,1,0,75571.51
Apple,phone,20,66000.0,7,poor,32,64,1,0,45870.06
Samsung,phone,16,55700.0,55,good,32,64,0,1,43440.24
Samsung,phone,12,91800.0,96,new,4,512,1,3,79778.27
Vivo,phone,37,18400.0,54,good,6,512,0,0,11461.43
Acer,laptop,11,67400.0,64,good,64,256,1,0,60750.1
Apple,phone,60,91400.0,13,poor,6,128,1,0,34408.45
Samsung,phone,56,81500.0,87,new,16,128,0,0,42339.7
Apple,phone,35,80600.0,65,good,4,128,0,0,54037.64
HP,laptop,26,58400.0,69,excellent,4,1024,1,1,41000.06
Lenovo,laptop,43,65400.0,18,poor,16,512,0,0,34363.52
Vivo,phone,30,26500.0,33,fair,12,128,1,1,16663.79
MSI,laptop,23,178800.0,100,new,16,256,1,1,150942.65
Dell,laptop,19,67000.0,95,new,64,1024,0,0,59939.21
MSI,laptop,51,159000.0,27,fair,8,1024,1,2,69262.3
Lenovo,laptop,23,89600.0,67,excellent,16,256,1,0,68059.18
OnePlus,phone,56,78700.0,58,good,32,64,1,0,38481.42
OnePlus,phone,55,46200.0,51,good,6,256,1,1,21710.48
Apple,laptop,55,165500.0,98,new,32,256,0,0,94772.11
Realme,phone,15,32500.0,62,good,6,512,0,1,25917.97
MSI,laptop,14,200000.0,30,fair,8,1024,0,1,148746.61
Oppo,phone,37,41600.0,24,poor,16,512,1,1,22571.76
Apple,phone,46,133200.0,98,new,12,512,0,0,85204.77
Samsung,phone,47,44400.0,44,fair,12,64,1,2,21744.79
Samsung,phone,27,38600.0,13,poor,16,256,0,0,24762.92
Lenovo,laptop,60,48600.0,45,fair,64,512,0,0,21532.1
Acer,laptop,57,65800.0,11,poor,32,256,1,0,26699.21
Lenovo,laptop,24,81900.0,69,excellent,4,256,1,0,65000.46
Acer,laptop,55,44300.0,29,fair,64,256,0,0,18920.83
MSI,laptop,45,69100.0,70,excellent,16,512,0,0,42514.08
MSI,laptop,32,177500.0,57,good,32,1024,0,0,115835.15
Realme,phone,26,28300.0,18,poor,4,512,0,0,18646.28
Asus,laptop,41,80700.0,86,new,64,256,1,2,50867.89
OnePlus,phone,55,43700.0,82,excellent,6,64,1,1,24090.92
Apple,laptop,24,166100.0,34,fair,16,512,0,0,115479.83
Apple,laptop,21,195300.0,85,excellent,4,512,1,0,170289.29
Oppo,phone,46,22700.0,96,new,8,512,1,0,15164.9
Apple,phone,54,62600.0,94,new,12,64,1,3,30638.25
OnePlus,phone,22,64000.0,28,fair,8,64,0,0,46459.42
Lenovo,laptop,55,77800.0,35,fair,64,512,0,1,33149.93
MSI,laptop,6,64100.0,21,poor,8,512,0,0,53661.68
Realme,phone,52,26200.0,72,excellent,4,512,0,0,13616.95
Vivo,phone,10,15500.0,15,poor,4,64,0,0,12693.83
Dell,laptop,12,89800.0,91,new,64,512,0,0,82853.03
Acer,laptop,27,65600.0,96,new,8,1024,1,0,53046.44
Vivo,phone,50,29200.0,74,excellent,16,512,0,1,15454.07
Acer,laptop,52,27100.0,83,excellent,4,1024,1,2,14174.29
OnePlus,phone,16,66600.0,45,fair,6,512,1,1,49178.62
Samsung,phone,8,78500.0,16,poor,16,128,1,0,62364.26
HP,laptop,4,103300.0,39,fair,4,512,1,1,90615.4
Realme,phone,9,24900.0,56,good,32,128,1,0,21294.76
Acer,laptop,36,44800.0,43,fair,64,512,1,0,26983.72
Realme,phone,6,25000.0,62,good,12,256,1,0,23628.35
Apple,phone,57,81400.0,69,excellent,16,128,1,0,41592.66
OnePlus,phone,35,47200.0,86,new,4,128,0,0,33444.6
Apple,laptop,17,168300.0,73,excellent,16,512,0,0,145827.6
Asus,laptop,48,96500.0,54,good,64,512,1,0,52541.41
Samsung,phone,47,58000.0,51,good,4,256,1,0,34214.54
MSI,laptop,55,139300.0,54,good,4,1024,1,0,69743.94
MSI,laptop,54,133200.0,76,excellent,32,1024,0,0,71464.21
MSI,laptop,20,196800.0,58,good,16,512,0,0,155289.27
Lenovo,laptop,8,70100.0,55,good,8,512,1,3,56881.15
MSI,laptop,47,145600.0,6,poor,8,512,0,0,68680.0
Realme,phone,31,19900.0,47,good,8,256,0,0,13367.54
Realme,phone,7,17800.0,53,good,6,256,1,0,16961.22
Samsung,phone,56,82500.0,57,good,16,64,1,0,39864.02
Xiaomi,phone,45,11500.0,34,fair,4,128,1,2,5438.65
HP,laptop,15,87400.0,45,fair,8,256,1,3,59734.1
Oppo,phone,31,14100.0,80,excellent,6,64,1,0,10660.4
Vivo,phone,40,15900.0,49,good,8,64,0,0,9483.34
Oppo,phone,47,18100.0,24,poor,8,64,0,0,8954.22
Samsung,phone,1,27800.0,48,good,4,512,1,1,28327.97
Oppo,phone,26,39600.0,29,fair,16,512,1,0,28260.08
Lenovo,laptop,44,98300.0,75,excellent,64,256,1,0,64132.66
Asus,laptop,58,41700.0,47,good,32,256,1,0,19508.67
Lenovo,laptop,43,52800.0,11,poor,16,256,1,0,26654.48
Realme,phone,57,13600.0,7,poor,4,128,0,0,5173.93
Oppo,phone,1,36500.0,75,excellent,4,128,0,0,36274.39
Lenovo,laptop,21,58900.0,26,fair,16,1024,0,0,43082.25
Asus,laptop,45,72000.0,77,excellent,64,256,1,1,45227.44
Samsung,phone,33,50500.0,50,good,16,512,1,2,32106.17
Asus,laptop,21,94400.0,7,poor,64,512,1,0,63045.03
Acer,laptop,21,26700.0,87,new,4,1024,1,0,22833.59
Dell,laptop,14,59100.0,55,good,64,1024,1,0,48690.74
Apple,laptop,58,189600.0,88,new,32,256,1,0,108061.61
Apple,laptop,54,83800.0,98,new,16,1024,1,0,50854.31
OnePlus,phone,16,27300.0,53,good,8,256,0,0,22116.88
Lenovo,laptop,18,78400.0,37,fair,16,512,0,1,55469.0
Apple,phone,49,140000.0,27,fair,6,128,1,0,72697.52
Lenovo,laptop,26,45000.0,28,fair,32,1024,0,0,28549.25
Asus,laptop,24,96300.0,55,good,4,1024,0,0,73446.35
Apple,laptop,25,162600.0,55,good,16,512,1,0,117285.58
Vivo,phone,34,15800.0,13,poor,4,64,1,2,8257.62
Samsung,phone,32,62300.0,46,good,8,128,1,0,42809.52
Acer,laptop,22,44600.0,56,good,32,1024,1,0,33030.9
Lenovo,laptop,57,49100.0,23,poor,16,256,1,0,20811.42
Dell,laptop,7,91700.0,7,poor,32,1024,0,0,71602.34
HP,laptop,16,79900.0,72,excellent,32,1024,1,0,68779.14
Apple,phone,42,131000.0,75,excellent,8,512,1,1,85112.35
Samsung,phone,15,31500.0,40,fair,6,64,1,0,25212.73
Xiaomi,phone,24,11200.0,46,good,12,64,0,0,8355.35
Dell,laptop,44,109100.0,60,good,32,1024,0,0,64480.05
Vivo,phone,12,26700.0,74,excellent,12,64,0,0,22210.8
OnePlus,phone,41,74500.0,86,new,8,128,1,0,49756.26
Samsung,phone,28,91900.0,68,excellent,16,256,1,1,68107.09
Apple,laptop,28,80500.0,99,new,16,512,0,0,65163.97
OnePlus,phone,14,26800.0,57,good,32,256,0,0,22430.03
OnePlus,phone,52,29300.0,23,poor,32,512,1,0,13379.29
Apple,laptop,8,100800.0,71,excellent,64,256,0,1,89735.25
MSI,laptop,6,174800.0,57,good,4,1024,1,0,167464.19
Apple,laptop,49,96800.0,23,poor,8,1024,0,0,45853.58
Vivo,phone,47,16400.0,81,excellent,32,64,1,0,10514.73
Xiaomi,phone,39,27000.0,30,fair,12,128,1,1,14346.82
Dell,laptop,8,103200.0,63,good,8,1024,1,0,92590.41
Dell,laptop,8,97000.0,96,new,64,512,1,0,98209.43
Samsung,phone,17,56100.0,99,new,16,256,0,0,51230.4
MSI,laptop,34,83200.0,24,poor,64,512,0,0,46831.38
Lenovo,laptop,19,93900.0,21,poor,8,256,1,0,66804.23
Vivo,phone,10,32400.0,58,good,8,128,1,0,28115.04
Vivo,phone,31,9100.0,37,fair,12,512,1,1,5622.07
Vivo,phone,38,15900.0,35,fair,4,64,1,0,9831.3
Realme,phone,2,33800.0,21,poor,8,256,0,0,29716.2
Asus,laptop,1,51600.0,21,poor,16,512,1,0,46618.63
Asus,laptop,36,94200.0,84,excellent,4,1024,0,0,62652.0
Acer,laptop,44,78300.0,47,good,64,512,1,2,41700.69
Samsung,phone,46,65100.0,16,poor,12,128,0,0,31035.35
Asus,laptop,39,66500.0,39,fair,64,512,1,0,40466.59
Asus,laptop,38,79700.0,27,fair,32,1024,1,2,43304.39
Realme,phone,2,9000.0,40,fair,6,64,0,0,8684.89
Apple,phone,53,137300.0,30,fair,16,64,1,0,61916.96
Asus,laptop,52,125800.0,100,new,16,1024,1,0,78142.18
Asus,laptop,15,62200.0,71,excellent,64,256,1,0,54956.87
HP,laptop,5,85900.0,9,poor,4,256,0,0,75230.83
Dell,laptop,49,72900.0,53,good,32,256,0,1,35892.95
Vivo,phone,2,38800.0,45,fair,16,64,0,2,34346.31
Vivo,phone,47,29200.0,43,fair,32,128,1,0,15672.99
Realme,phone,53,25900.0,29,fair,12,256,1,0,11758.76
OnePlus,phone,19,79100.0,99,new,4,256,1,0,71291.71
Asus,laptop,36,119100.0,100,new,32,256,0,1,81336.11
Xiaomi,phone,28,32000.0,91,new,8,128,1,0,25184.31
Samsung,phone,18,47400.0,50,good,6,256,0,2,33073.42
Dell,laptop,42,119000.0,80,excellent,4,1024,0,1,72669.93
Samsung,phone,56,73800.0,97,new,8,128,0,0,39451.48
Apple,laptop,30,125400.0,38,fair,32,512,0,0,80511.07
Vivo,phone,27,21200.0,35,fair,8,64,0,0,13618.1
MSI,laptop,42,61600.0,31,fair,4,512,1,0,35309.45
Asus,laptop,28,38800.0,87,new,4,512,0,0,30012.94
OnePlus,phone,10,51800.0,53,good,32,512,1,0,43125.18
OnePlus,phone,30,55500.0,48,good,16,512,1,0,39905.94
Oppo,phone,12,14000.0,40,fair,12,256,1,0,11660.83
Apple,phone,17,117100.0,87,new,32,512,1,0,98665.56
Xiaomi,phone,17,19400.0,66,excellent,16,512,1,2,14397.52
Dell,laptop,36,68900.0,81,excellent,64,256,1,1,47321.27
Apple,phone,43,100100.0,30,fair,32,64,1,0,56210.74
Xiaomi,phone,2,27500.0,23,poor,6,128,0,1,25471.76
Oppo,phone,6,16900.0,60,good,12,256,0,3,14878.39
Oppo,phone,42,18100.0,18,poor,8,512,0,0,9753.09
Acer,laptop,57,28000.0,52,good,32,512,0,0,12375.3
MSI,laptop,29,188900.0,66,excellent,64,256,0,1,123666.18
Xiaomi,phone,38,10700.0,61,good,32,256,1,0,6722.63
Oppo,phone,15,19700.0,89,new,8,64,1,0,17816.4
Apple,laptop,1,172100.0,97,new,4,512,1,0,168730.87
Xiaomi,phone,16,34300.0,22,poor,16,256,0,1,23879.98
Lenovo,laptop,38,50400.0,53,good,8,1024,1,1,30710.54
Dell,laptop,21,63700.0,89,new,64,512,1,0,52166.7
Oppo,phone,5,24500.0,51,good,6,128,0,1,20996.14
Apple,phone,1,59200.0,99,new,8,512,0,0,60898.94
Vivo,phone,11,18400.0,88,new,4,128,1,2,15430.49
Xiaomi,phone,54,35700.0,57,good,16,512,1,0,18965.44
Xiaomi,phone,51,26000.0,44,fair,4,128,0,0,13359.29
OnePlus,phone,30,74500.0,66,excellent,4,128,1,0,54847.83
Asus,laptop,7,116500.0,15,poor,64,1024,0,0,91773.3
Apple,phone,19,70000.0,15,poor,4,64,1,0,49689.39
Oppo,phone,27,40000.0,89,new,32,128,1,0,31967.34
Oppo,phone,6,11500.0,56,good,16,512,1,2,10485.05
Apple,laptop,30,129100.0,14,poor,64,1024,1,1,76582.8
Samsung,phone,29,58800.0,5,poor,6,64,0,0,33822.37
Acer,laptop,38,53400.0,15,poor,4,256,0,0,28868.68
Lenovo,laptop,23,39800.0,22,poor,16,256,0,0,26707.1
Acer,laptop,43,77700.0,12,poor,16,256,1,0,39015.93
OnePlus,phone,12,76400.0,50,good,12,512,0,1,61356.76
MSI,laptop,37,89000.0,71,excellent,64,512,1,1,58106.66
Asus,laptop,31,126100.0,99,new,64,1024,0,0,95999.61
Apple,phone,33,79200.0,68,excellent,12,64,0,0,54616.76
Apple,phone,32,110800.0,8,poor,8,512,1,1,60081.7
MSI,laptop,18,186300.0,14,poor,16,1024,0,0,128857.78
Apple,phone,19,82700.0,95,new,12,256,1,0,75097.07
Xiaomi,phone,41,26900.0,25,poor,16,256,0,0,15040.3
Vivo,phone,3,38800.0,39,fair,16,512,0,3,32391.57
Vivo,phone,21,34800.0,21,poor,8,512,0,0,25024.06
MSI,laptop,20,123300.0,11,poor,32,1024,0,0,86914.9
Lenovo,laptop,35,38600.0,19,poor,8,256,0,1,19993.54
OnePlus,phone,14,60100.0,6,poor,32,128,0,0,41164.56
Dell,laptop,22,45800.0,99,new,16,1024,0,0,38779.51
OnePlus,phone,56,60600.0,57,good,4,256,0,1,28482.52
Apple,phone,16,82900.0,77,excellent,12,64,1,0,72559.82
Samsung,phone,57,24700.0,37,fair,32,128,1,1,10409.24
Vivo,phone,30,20400.0,36,fair,4,512,0,0,13025.84
OnePlus,phone,37,50700.0,41,fair,6,512,0,0,31859.99
Apple,laptop,45,164100.0,41,fair,64,512,0,0,87111.29
Oppo,phone,26,42100.0,79,excellent,8,64,0,0,31564.65
Vivo,phone,55,35800.0,10,poor,32,512,1,2,12317.75
Asus,laptop,24,36100.0,35,fair,4,512,0,1,24973.37
Dell,laptop,55,106900.0,25,poor,64,512,0,0,47357.92
Samsung,phone,46,20600.0,78,excellent,8,256,1,2,11819.47
Acer,laptop,37,50600.0,14,poor,4,512,0,0,28669.52
Samsung,phone,52,79900.0,54,good,4,512,0,0,39621.98
HP,laptop,16,77000.0,37,fair,16,256,1,0,62001.34
HP,laptop,27,91700.0,57,good,64,256,1,0,67070.84
Dell,laptop,11,110900.0,86,new,16,512,1,2,93536.19
Asus,laptop,41,114300.0,100,new,16,256,1,2,72379.87
Realme,phone,55,34800.0,50,good,4,128,1,0,16852.21
Realme,phone,40,17800.0,51,good,12,128,1,3,9309.97
Acer,laptop,28,89100.0,8,poor,32,512,1,1,50761.64
Xiaomi,phone,25,28400.0,62,good,6,256,0,0,21145.64
Apple,laptop,50,157700.0,59,good,32,256,0,2,72066.97
OnePlus,phone,27,30100.0,8,poor,4,128,1,0,18412.99
Samsung,phone,2,78100.0,69,excellent,8,256,1,0,77274.37
Apple,laptop,35,196900.0,81,excellent,4,512,0,0,138298.5
OnePlus,phone,58,34700.0,50,good,6,128,1,1,14754.27
Xiaomi,phone,31,33200.0,45,fair,32,512,0,0,21176.89
Dell,laptop,48,97100.0,21,poor,8,1024,0,0,44898.54
HP,laptop,56,105300.0,58,good,4,512,1,2,48222.83
Realme,phone,53,32800.0,45,fair,4,512,0,0,15548.62
Acer,laptop,21,85600.0,36,fair,16,256,1,1,58070.92
HP,laptop,26,88400.0,40,fair,8,512,0,0,62465.0
Acer,laptop,21,26500.0,74,excellent,8,1024,1,0,22328.94
Lenovo,laptop,8,77700.0,64,good,4,1024,0,1,67230.38
Dell,laptop,37,56100.0,48,good,4,256,0,0,33492.37
Samsung,phone,19,50900.0,78,excellent,16,512,0,0,42132.5
OnePlus,phone,14,76400.0,11,poor,12,128,1,0,55906.36
Xiaomi,phone,27,12200.0,88,new,16,128,1,0,9874.06
HP,laptop,9,31900.0,87,new,32,1024,0,0,29176.41
HP,laptop,47,51400.0,36,fair,64,1024,1,2,23762.14
Oppo,phone,14,12800.0,100,new,4,64,0,0,11618.69
Vivo,phone,52,20600.0,75,excellent,4,512,1,0,11898.94
Asus,laptop,55,56200.0,25,poor,64,512,1,0,26217.96
Asus,laptop,37,99600.0,19,poor,16,512,1,0,55709.15
Apple,phone,55,64500.0,50,good,16,64,1,0,33291.61
Samsung,phone,47,93200.0,21,poor,4,128,1,0,44544.63
HP,laptop,55,34500.0,66,excellent,4,512,1,1,16758.45
OnePlus,phone,23,58000.0,6,poor,16,128,0,0,36689.57
Dell,laptop,5,82700.0,50,good,8,1024,0,0,76834.64
Vivo,phone,58,25400.0,31,fair,6,256,1,0,11025.66
Asus,laptop,45,75700.0,46,good,32,256,1,0,43643.51
MSI,laptop,43,71900.0,99,new,64,1024,1,1,47732.91
Oppo,phone,52,36700.0,41,fair,4,128,1,0,17923.86
Xiaomi,phone,30,11500.0,49,good,12,64,0,0,7382.24
Oppo,phone,54,16500.0,33,fair,12,64,1,0,7961.61
Oppo,phone,45,39600.0,88,new,6,256,0,0,25119.65
Oppo,phone,56,19800.0,93,new,6,512,1,1,10899.68
Apple,laptop,18,164800.0,25,poor,32,256,0,0,116052.37
HP,laptop,46,84400.0,16,poor,8,256,1,0,43265.74
Dell,laptop,46,88500.0,47,good,32,512,0,0,48492.01
Xiaomi,phone,55,8800.0,61,good,8,512,0,1,4115.4
Samsung,phone,40,70100.0,18,poor,4,256,1,0,39800.96
Apple,phone,21,62600.0,68,excellent,32,256,0,0,48665.65
Samsung,phone,59,75900.0,22,poor,12,64,1,0,31108.71
Acer,laptop,46,62900.0,81,excellent,4,256,0,0,39419.95
Acer,laptop,58,47900.0,40,fair,32,256,1,0,21475.63
Dell,laptop,33,61000.0,30,fair,64,256,0,0,38804.51
MSI,laptop,33,75800.0,87,new,32,512,0,0,55295.13
MSI,laptop,33,127700.0,77,excellent,64,1024,0,2,82929.31
Vivo,phone,2,22700.0,34,fair,12,128,0,0,22208.16
Apple,phone,23,52800.0,65,good,8,256,1,0,42202.4
Dell,laptop,33,70500.0,13,poor,64,256,0,1,37452.34
OnePlus,phone,46,48800.0,70,excellent,16,256,1,0,29785.2
Samsung,phone,32,62700.0,19,poor,4,128,0,0,36723.79
Apple,phone,26,71500.0,60,good,4,128,1,1,49263.15
Samsung,phone,4,85400.0,86,new,4,64,1,0,85223.86
Acer,laptop,28,26200.0,14,poor,32,512,0,0,15736.54
Asus,laptop,7,72100.0,92,new,32,1024,1,0,68675.27
Lenovo,laptop,34,40900.0,19,poor,32,1024,0,0,24370.95
Acer,laptop,4,34600.0,14,poor,4,512,1,2,27649.37
Apple,phone,41,109000.0,31,fair,16,512,0,1,54346.81
Acer,laptop,13,74100.0,84,excellent,16,512,0,2,63609.01
Lenovo,laptop,37,80200.0,29,fair,64,1024,0,1,46138.63
HP,laptop,28,98300.0,14,poor,4,512,1,0,63309.19
Xiaomi,phone,27,19200.0,62,good,4,128,0,0,14227.11
Xiaomi,phone,19,22000.0,92,new,6,64,1,0,19059.48
Samsung,phone,45,26100.0,65,good,4,128,0,0,15290.31
Samsung,phone,28,76000.0,86,new,8,256,0,1,57004.06
Apple,laptop,56,124900.0,52,good,64,512,1,0,64030.45
Apple,laptop,49,193200.0,90,new,16,1024,0,0,115556.76
Asus,laptop,50,103300.0,71,excellent,64,1024,1,0,58061.41
MSI,laptop,8,105200.0,26,fair,32,256,1,0,87672.07
Apple,phone,39,82000.0,16,poor,32,512,0,1,39707.24
HP,laptop,14,70600.0,12,poor,8,1024,0,0,51273.83
Lenovo,laptop,42,94800.0,50,good,4,1024,1,0,58364.85
Samsung,phone,47,20900.0,77,excellent,16,128,0,1,11789.31
Lenovo,laptop,45,64800.0,98,new,8,1024,0,1,39816.26
Apple,laptop,35,182600.0,39,fair,16,512,1,0,112509.56
Xiaomi,phone,30,35200.0,93,new,6,512,1,0,28391.47
Asus,laptop,44,45400.0,18,poor,4,512,0,0,22863.2
Dell,laptop,16,111600.0,57,good,8,1024,0,1,89406.17
Oppo,phone,58,14500.0,90,new,4,128,1,0,8116.4
HP,laptop,31,40600.0,5,poor,64,512,0,0,24220.65
Oppo,phone,31,22100.0,95,new,4,256,0,1,16428.5
HP,laptop,13,71200.0,84,excellent,8,1024,0,0,60964.54
Samsung,phone,18,85200.0,97,new,8,512,1,0,76072.51
Apple,laptop,52,85100.0,58,good,8,1024,1,0,44146.12
Xiaomi,phone,15,28200.0,85,excellent,4,256,1,2,22426.84
Apple,laptop,25,157500.0,95,new,32,512,0,0,126295.73
Xiaomi,phone,58,10000.0,35,fair,12,256,0,0,4420.39
Xiaomi,phone,5,19400.0,16,poor,4,128,1,1,16222.15
Samsung,phone,42,22700.0,70,excellent,16,128,0,0,14746.85
Realme,phone,29,15000.0,48,good,32,64,0,1,9727.31
Dell,laptop,32,71500.0,14,poor,4,512,1,1,40882.32
Asus,laptop,29,68700.0,57,good,8,256,1,0,47541.9
MSI,laptop,22,127500.0,74,excellent,16,512,1,0,98941.94
Apple,phone,16,105900.0,17,poor,32,512,1,0,76780.84
Lenovo,laptop,39,34300.0,64,good,32,512,0,0,21420.24
OnePlus,phone,19,73000.0,22,poor,6,512,1,0,50598.73
Xiaomi,phone,48,20800.0,70,excellent,12,256,0,2,10411.67
Dell,laptop,30,44100.0,93,new,32,512,1,0,32845.41
Asus,laptop,42,114000.0,97,new,32,512,1,0,79990.14
Realme,phone,20,15300.0,85,excellent,16,512,1,0,13137.64
OnePlus,phone,30,73300.0,68,excellent,32,256,1,2,47699.98
OnePlus,phone,16,39600.0,10,poor,16,128,1,1,27552.63
Apple,laptop,50,109600.0,81,excellent,32,1024,1,0,68419.64
OnePlus,phone,16,62400.0,88,new,12,64,0,0,53721.82
Realme,phone,10,21800.0,83,excellent,32,128,1,0,20027.58
Dell,laptop,19,97100.0,8,poor,4,512,0,2,61025.92
HP,laptop,18,79400.0,54,good,64,1024,0,0,62830.83
HP,laptop,53,104600.0,26,fair,16,256,0,1,45429.45
Xiaomi,phone,34,29000.0,18,poor,12,256,1,0,18198.5
OnePlus,phone,4,77000.0,69,excellent,8,128,0,1,75325.44
OnePlus,phone,28,59100.0,21,poor,8,128,1,0,39031.19
Lenovo,laptop,50,49600.0,92,new,8,512,0,0,29807.52
Samsung,phone,56,35400.0,37,fair,12,64,1,0,16029.15
Realme,phone,23,11100.0,64,good,12,256,0,0,8707.73
Apple,phone,5,139800.0,75,excellent,6,64,1,1,133851.83
HP,laptop,31,45300.0,34,fair,8,1024,0,1,28172.23
HP,laptop,20,68800.0,92,new,64,1024,0,0,54974.37
Apple,laptop,55,146000.0,76,excellent,4,1024,1,1,74466.76
Apple,phone,17,64900.0,23,poor,8,128,1,0,48600.05
Vivo,phone,42,37100.0,49,good,6,64,1,0,21442.16
Dell,laptop,29,116800.0,48,good,64,512,0,0,77715.24
Oppo,phone,58,20300.0,48,good,16,128,1,0,9033.6
OnePlus,phone,34,37800.0,49,good,16,512,0,3,21394.95
HP,laptop,43,37500.0,24,poor,16,1024,1,1,19106.67
MSI,laptop,22,89300.0,18,poor,16,1024,0,1,58437.06
MSI,laptop,15,120500.0,35,fair,64,512,1,1,92069.23
OnePlus,phone,28,56100.0,8,poor,8,128,1,1,34797.04
Realme,phone,54,24200.0,97,new,12,128,1,0,14611.52
HP,laptop,10,97900.0,62,good,16,512,1,0,87328.54
Xiaomi,phone,60,39100.0,100,new,16,256,0,0,21955.3
Asus,laptop,1,50600.0,87,new,64,256,1,0,51151.38
Apple,phone,10,92400.0,15,poor,32,128,0,0,74592.26
MSI,laptop,27,162100.0,34,fair,64,1024,1,0,109637.88
OnePlus,phone,42,44700.0,55,good,12,512,1,1,25943.08
Vivo,phone,8,21000.0,93,new,16,512,0,3,19302.93
Vivo,phone,45,12800.0,25,poor,12,64,1,2,6040.1
MSI,laptop,3,186600.0,52,good,64,512,1,1,173663.7
HP,laptop,51,101000.0,97,new,16,512,1,0,65067.19
Dell,laptop,48,103100.0,6,poor,16,512,1,1,44823.14
Apple,phone,60,140000.0,53,good,16,128,1,0,63073.95
Asus,laptop,48,45600.0,46,good,32,1024,0,0,22849.16
Asus,laptop,7,48900.0,50,good,64,256,0,0,42299.63
Vivo,phone,8,20100.0,21,poor,6,64,0,0,16294.84
Lenovo,laptop,49,59100.0,89,new,32,256,0,0,35205.43
Samsung,phone,39,94800.0,5,poor,6,512,0,2,43315.86
Lenovo,laptop,22,62400.0,95,new,32,1024,1,0,51262.24
Apple,laptop,52,81200.0,45,fair,8,256,0,0,41152.19
Lenovo,laptop,45,59400.0,56,good,8,512,0,0,33633.77
Apple,laptop,23,170700.0,55,good,64,256,1,1,123305.3
OnePlus,phone,13,47900.0,32,fair,12,128,1,0,39171.03
Xiaomi,phone,19,35700.0,34,fair,12,256,1,0,27089.1
Xiaomi,phone,43,25300.0,73,excellent,8,64,1,0,15757.57
Vivo,phone,9,38500.0,25,poor,16,128,1,0,32770.86
Lenovo,laptop,36,83400.0,75,excellent,4,256,0,2,51935.2
Xiaomi,phone,48,19600.0,89,new,4,128,1,1,11447.55
Acer,laptop,38,71000.0,87,new,16,1024,1,1,47726.95
Acer,laptop,50,68600.0,26,fair,64,512,1,0,32844.83
HP,laptop,21,84600.0,13,poor,32,256,0,2,52225.42
Xiaomi,phone,32,25100.0,34,fair,4,128,1,2,14752.36
Acer,laptop,36,35200.0,30,fair,8,512,1,1,21335.73
OnePlus,phone,38,55600.0,88,new,8,128,1,0,37411.59
Dell,laptop,13,95000.0,25,poor,4,256,0,0,71370.61
Asus,laptop,5,47600.0,20,poor,4,256,0,0,40800.13
OnePlus,phone,39,47000.0,19,poor,16,512,1,1,25496.01
Apple,laptop,10,140700.0,23,poor,64,256,1,0,116336.45
Xiaomi,phone,56,13700.0,39,fair,12,256,1,0,6197.35
Apple,laptop,52,160100.0,98,new,16,512,1,2,91352.21
Acer,laptop,5,33900.0,80,excellent,4,256,1,0,32436.69
Vivo,phone,17,28400.0,43,fair,16,256,0,1,21579.77
OnePlus,phone,10,40200.0,81,excellent,4,256,1,1,37809.24
MSI,laptop,18,145400.0,99,new,8,512,1,0,133453.05
Vivo,phone,24,39200.0,16,poor,16,128,1,0,25175.63
OnePlus,phone,45,60600.0,78,excellent,16,128,0,1,36887.99
Lenovo,laptop,18,65200.0,16,poor,64,512,1,0,45267.67
Xiaomi,phone,58,14800.0,43,fair,32,256,1,1,6615.55
Apple,laptop,28,86000.0,7,poor,4,256,1,0,51353.14
HP,laptop,2,103700.0,16,poor,4,256,1,0,98715.4
Samsung,phone,5,93500.0,69,excellent,12,256,1,0,94343.24
MSI,laptop,46,124800.0,76,excellent,8,1024,0,1,69489.27
Lenovo,laptop,55,63000.0,82,excellent,4,256,0,0,34079.92
Acer,laptop,32,56500.0,35,fair,4,256,0,0,34688.54
Lenovo,laptop,26,47700.0,32,fair,4,256,0,0,30961.58
MSI,laptop,14,198100.0,60,good,8,512,0,0,168330.23
Oppo,phone,57,16400.0,40,fair,32,128,0,0,6927.01
Apple,laptop,18,170600.0,50,good,4,512,1,0,128409.56
Realme,phone,13,16800.0,19,poor,8,128,1,0,12950.96
Acer,laptop,10,68300.0,20,poor,32,256,0,0,55443.71
HP,laptop,17,94800.0,6,poor,4,512,0,0,64594.5
Vivo,phone,18,30700.0,93,new,8,64,0,0,26002.76
OnePlus,phone,25,74000.0,72,excellent,16,128,1,0,58120.63
Apple,phone,38,131700.0,100,new,32,256,0,0,96327.47
Realme,phone,21,31100.0,8,poor,4,64,1,2,20238.02
Apple,phone,21,115100.0,71,excellent,6,64,1,0,92225.17
MSI,laptop,14,157700.0,30,fair,8,512,0,0,124734.06
Oppo,phone,17,19500.0,41,fair,32,128,1,0,15506.33
Dell,laptop,19,60000.0,10,poor,8,1024,0,0,40073.64
Apple,laptop,57,178000.0,91,new,8,512,0,0,95100.94
Oppo,phone,57,30200.0,71,excellent,6,64,1,0,15560.78
HP,laptop,20,91100.0,100,new,32,256,1,0,79516.35
Vivo,phone,26,27100.0,13,poor,6,512,1,1,16397.61
Dell,laptop,11,115400.0,91,new,64,1024,1,0,109378.08
Vivo,phone,37,14600.0,89,new,32,512,1,0,9989.83
Apple,laptop,2,142700.0,10,poor,8,256,1,0,134323.24
Asus,laptop,18,51400.0,54,good,16,512,0,0,41293.86
MSI,laptop,58,89300.0,89,new,8,1024,0,0,46429.85
Realme,phone,41,10900.0,37,fair,8,128,1,0,6567.72
Apple,laptop,51,119000.0,74,excellent,32,256,1,0,70577.76
HP,laptop,57,39800.0,51,good,16,256,1,0,19499.14
Apple,phone,30,140700.0,11,poor,12,256,0,0,83382.62
Vivo,phone,50,27800.0,10,poor,6,512,0,0,11971.81
Asus,laptop,43,84000.0,33,fair,4,256,0,0,46267.89
Apple,phone,6,69200.0,20,poor,6,64,0,1,56225.35
Acer,laptop,32,59900.0,40,fair,64,1024,0,2,35836.37
Vivo,phone,47,35400.0,25,poor,6,64,0,0,16781.19
Acer,laptop,39,88000.0,28,fair,32,256,1,0,51970.66
Asus,laptop,20,36500.0,70,excellent,16,1024,0,0,29485.81
Acer,laptop,40,37100.0,28,fair,8,1024,0,0,20155.18
Samsung,phone,17,63300.0,55,good,4,128,1,0,51533.5
HP,laptop,32,79700.0,67,excellent,16,1024,1,0,56225.86
HP,laptop,38,81500.0,35,fair,64,512,1,1,48065.31
Lenovo,laptop,4,56600.0,91,new,16,512,0,0,54330.24
Samsung,phone,35,55600.0,70,excellent,32,64,0,0,38087.23
Vivo,phone,11,29600.0,65,good,32,64,1,0,27148.77
Samsung,phone,3,75700.0,31,fair,16,64,0,0,72492.34
Dell,laptop,44,66100.0,18,poor,8,1024,1,0,35451.93
Apple,laptop,47,150000.0,99,new,4,512,0,0,96121.25
Asus,laptop,45,52700.0,94,new,64,1024,1,0,35918.26
Lenovo,laptop,25,88300.0,6,poor,4,256,1,3,48851.29
Asus,laptop,35,129100.0,22,poor,16,256,1,0,73794.35
Dell,laptop,16,98800.0,36,fair,32,256,1,0,80830.7
Oppo,phone,35,35800.0,55,good,16,256,1,0,23124.94
Realme,phone,29,27300.0,57,good,12,128,0,0,18817.56
Apple,laptop,35,130400.0,50,good,4,512,0,1,75997.5
Dell,laptop,16,97000.0,18,poor,16,1024,1,0,74742.68
HP,laptop,49,68000.0,5,poor,8,256,0,2,24187.97
OnePlus,phone,50,43300.0,29,fair,16,64,1,0,21614.16
Xiaomi,phone,16,23800.0,95,new,4,256,0,0,20948.93
Dell,laptop,54,86900.0,89,new,64,512,1,0,50173.03
Samsung,phone,22,63600.0,81,excellent,8,128,1,1,48540.97
Acer,laptop,6,38500.0,70,excellent,64,256,0,3,34665.59
Realme,phone,6,9800.0,81,excellent,16,64,0,0,9407.58
Apple,laptop,33,92200.0,86,new,64,512,1,2,62838.21
HP,laptop,39,92700.0,43,fair,8,256,0,0,54116.71
Oppo,phone,37,15300.0,44,fair,4,256,1,1,9523.22
Dell,laptop,22,109900.0,9,poor,16,512,1,2,64865.34
Acer,laptop,59,25800.0,80,excellent,16,256,0,1,12495.95
OnePlus,phone,13,78100.0,39,fair,32,128,1,1,60913.34
Samsung,phone,1,74100.0,77,excellent,12,256,0,1,72019.0
Dell,laptop,48,52900.0,82,excellent,32,256,0,0,30258.5
HP,laptop,44,89600.0,10,poor,64,256,1,1,40946.73
Samsung,phone,41,99100.0,55,good,32,256,0,0,57002.41
OnePlus,phone,18,73500.0,36,fair,4,512,1,0,57131.33
Xiaomi,phone,8,10200.0,94,new,4,256,0,0,9581.1
Apple,laptop,13,199800.0,21,poor,32,1024,1,0,152613.18
Acer,laptop,56,28900.0,46,good,4,256,0,0,12960.04
Samsung,phone,55,86400.0,13,poor,4,64,1,0,38215.4
Samsung,phone,46,67400.0,48,good,12,256,0,0,35934.56
Asus,laptop,29,122000.0,77,excellent,32,1024,0,0,93012.79
Samsung,phone,51,97000.0,5,poor,12,64,0,1,38927.89
Dell,laptop,41,70500.0,72,excellent,16,1024,0,0,42905.3
OnePlus,phone,1,40400.0,12,poor,6,64,0,1,34495.28
HP,laptop,20,75300.0,29,fair,4,1024,1,0,57910.78
Asus,laptop,13,77900.0,12,poor,64,1024,1,0,60646.27
Samsung,phone,59,68900.0,60,good,6,128,1,0,31815.15
Vivo,phone,25,16600.0,86,new,12,64,1,0,13007.14
MSI,laptop,46,192300.0,89,new,64,256,0,1,111602.37
MSI,laptop,19,195400.0,28,fair,8,1024,0,0,145191.68
Samsung,phone,55,44000.0,43,fair,4,256,0,1,18237.64
Apple,phone,36,63000.0,76,excellent,6,64,1,0,43512.45
Dell,laptop,3,42900.0,98,new,64,1024,0,0,41587.69
Realme,phone,23,10600.0,21,poor,16,512,0,0,6909.37
Dell,laptop,45,76800.0,26,fair,16,512,0,3,32620.56
HP,laptop,23,100300.0,97,new,32,1024,1,0,86269.8
Asus,laptop,27,81600.0,24,poor,8,256,0,0,51871.59
Apple,phone,8,125200.0,10,poor,12,128,1,2,97256.88
Samsung,phone,8,65500.0,67,excellent,16,64,1,2,58751.25
Lenovo,laptop,24,67500.0,7,poor,64,256,0,0,43551.48
Acer,laptop,34,78600.0,34,fair,4,1024,0,0,49757.35
Oppo,phone,25,17800.0,73,excellent,4,64,1,2,12534.55
Samsung,phone,54,37400.0,30,fair,32,512,1,1,16872.76
MSI,laptop,53,175300.0,92,new,8,1024,0,0,102833.78
Apple,laptop,60,198900.0,51,good,32,1024,1,0,93421.18
HP,laptop,16,84900.0,37,fair,32,256,1,2,63585.95
Realme,phone,3,26700.0,99,new,8,128,1,2,27390.8
Lenovo,laptop,27,72900.0,67,excellent,8,1024,1,3,48288.12
OnePlus,phone,58,27500.0,54,good,16,128,0,0,12594.94
Xiaomi,phone,21,11200.0,84,excellent,16,128,1,1,8663.85
OnePlus,phone,35,75200.0,91,new,4,64,0,0,52727.03
Samsung,phone,26,91000.0,65,good,32,256,0,0,69233.14
Acer,laptop,36,42300.0,13,poor,32,512,1,0,23425.64
Asus,laptop,55,51000.0,38,fair,4,1024,0,0,23913.91
Vivo,phone,12,36500.0,97,new,12,128,0,0,32647.44
Oppo,phone,36,27900.0,63,good,16,256,0,2,17267.49
HP,laptop,30,107200.0,97,new,16,1024,0,3,74618.96
Acer,laptop,45,46700.0,62,good,32,1024,1,0,27674.92
MSI,laptop,8,72800.0,57,good,4,1024,0,0,67213.92
MSI,laptop,58,140200.0,60,good,32,1024,0,0,68951.37
Lenovo,laptop,49,46000.0,70,excellent,64,512,0,1,23482.95
Apple,phone,56,77000.0,91,new,8,512,1,1,40215.95
MSI,laptop,10,180500.0,34,fair,4,1024,0,0,145422.03
Vivo,phone,22,14400.0,50,good,4,128,0,1,10436.03
Xiaomi,phone,26,38200.0,76,excellent,32,128,1,1,29985.53
Acer,laptop,1,69700.0,60,good,8,512,0,0,66571.93
Realme,phone,44,10500.0,45,fair,12,512,1,1,5961.75
Xiaomi,phone,15,31700.0,45,fair,8,128,0,1,23434.51
HP,laptop,1,108800.0,27,fair,8,1024,0,0,100901.86
MSI,laptop,27,114500.0,95,new,16,1024,0,0,92320.21
OnePlus,phone,34,73000.0,88,new,12,512,0,0,53007.55
Asus,laptop,57,56600.0,12,poor,32,1024,0,1,20061.69
Apple,phone,48,125600.0,43,fair,6,256,1,0,66073.95
OnePlus,phone,47,63200.0,57,good,8,256,0,0,36628.22
Xiaomi,phone,33,16200.0,67,excellent,16,256,0,0,11478.6
Vivo,phone,34,13800.0,53,good,16,64,0,1,8644.07
Apple,laptop,46,105900.0,99,new,32,256,1,0,72779.72
HP,laptop,38,104000.0,18,poor,64,256,0,0,57819.61
Dell,laptop,16,47100.0,6,poor,8,1024,1,0,35594.11
Apple,phone,32,118500.0,45,fair,6,128,0,1,72130.58
Realme,phone,12,20900.0,99,new,12,256,1,1,19219.0
MSI,laptop,34,68600.0,26,fair,32,512,0,0,41215.67
Realme,phone,8,34100.0,97,new,32,64,1,0,35324.74
Dell,laptop,13,105100.0,89,new,32,1024,1,2,88781.75
OnePlus,phone,34,67400.0,85,excellent,16,64,1,0,50461.79
MSI,laptop,48,143000.0,96,new,4,256,1,1,85264.28
Vivo,phone,47,29800.0,49,good,12,128,0,2,13837.02
MSI,laptop,43,155500.0,36,fair,8,512,1,0,85494.9
HP,laptop,45,64000.0,44,fair,16,1024,0,2,32446.65
Dell,laptop,45,65600.0,34,fair,32,256,1,2,32605.41
Apple,laptop,43,165900.0,74,excellent,8,256,0,0,102704.17
Oppo,phone,52,17700.0,57,good,32,128,0,1,8839.91
Dell,laptop,26,83100.0,69,excellent,8,1024,0,1,56878.92
Samsung,phone,14,91200.0,5,poor,32,128,0,0,66917.31
Apple,phone,10,112800.0,62,good,32,64,1,2,93848.96
HP,laptop,1,103800.0,32,fair,4,512,1,0,105501.03
Oppo,phone,3,31800.0,39,fair,12,512,0,0,28375.89
OnePlus,phone,51,36700.0,13,poor,8,512,0,0,15789.5
Apple,laptop,15,177700.0,98,new,64,256,0,0,159294.28
Acer,laptop,50,39300.0,46,good,64,1024,1,0,21059.83
Apple,laptop,24,101100.0,62,good,16,512,1,2,74280.25
Samsung,phone,37,24000.0,82,excellent,8,512,1,0,16101.1
Samsung,phone,41,22700.0,50,good,16,64,1,0,13348.04
HP,laptop,53,93500.0,17,poor,16,512,1,0,43509.4
MSI,laptop,60,65000.0,51,good,8,512,1,0,31047.79
OnePlus,phone,32,37100.0,87,new,12,256,1,1,27496.59
Lenovo,laptop,50,48200.0,87,new,4,256,0,0,29854.69
Realme,phone,11,16900.0,43,fair,12,512,0,2,13149.46
Apple,laptop,27,193900.0,79,excellent,64,256,1,0,152745.15
OnePlus,phone,59,51200.0,42,fair,32,64,0,2,19086.37
Apple,phone,13,69000.0,12,poor,16,256,0,2,45361.67
Realme,phone,30,16700.0,47,good,4,512,1,0,11403.53
Oppo,phone,54,10600.0,91,new,16,256,0,0,6271.4
Dell,laptop,14,88200.0,38,fair,4,256,0,0,66069.66
Realme,phone,18,7000.0,83,excellent,4,128,0,0,5981.29
Apple,phone,23,72200.0,85,excellent,8,256,0,0,55767.35
Lenovo,laptop,24,55700.0,89,new,64,256,1,3,39994.53
MSI,laptop,54,117500.0,76,excellent,32,256,0,0,64774.46
Realme,phone,34,33900.0,91,new,4,64,0,0,23461.32
Lenovo,laptop,59,94800.0,55,good,64,1024,1,3,35922.65
Lenovo,laptop,29,32200.0,86,new,16,1024,1,0,23777.64
Asus,laptop,53,64200.0,100,new,64,1024,0,0,39341.0
Acer,laptop,46,26000.0,43,fair,32,1024,1,0,14530.11
MSI,laptop,33,102900.0,80,excellent,16,256,0,0,71340.98
OnePlus,phone,56,59500.0,77,excellent,32,512,0,0,30502.62
Oppo,phone,32,17200.0,50,good,12,128,0,0,11164.28
Xiaomi,phone,47,16800.0,29,fair,12,512,1,0,8879.75
Samsung,phone,29,49100.0,24,poor,8,64,1,0,31615.0
Xiaomi,phone,53,15400.0,72,excellent,32,512,0,0,8256.48
Samsung,phone,19,99000.0,28,fair,8,64,1,1,67175.89
Lenovo,laptop,4,36400.0,91,new,8,512,1,0,35713.44
Realme,phone,54,25200.0,45,fair,8,256,0,0,12513.04
Oppo,phone,55,29500.0,94,new,8,512,0,0,15922.89
MSI,laptop,41,131700.0,36,fair,8,512,0,1,72143.64
Dell,laptop,43,114500.0,75,excellent,16,512,1,0,71876.23
HP,laptop,53,63300.0,97,new,16,1024,1,0,39815.04
Acer,laptop,6,31200.0,37,fair,16,1024,1,0,29079.14
Lenovo,laptop,47,30600.0,22,poor,16,256,1,1,14033.32
Oppo,phone,36,27400.0,98,new,8,512,0,0,20032.5
OnePlus,phone,48,69900.0,41,fair,8,256,0,0,37696.95
Acer,laptop,35,68900.0,50,good,8,1024,0,0,44688.25
OnePlus,phone,58,50100.0,82,excellent,6,256,0,1,25025.73
Oppo,phone,17,36600.0,40,fair,6,512,1,1,28728.71
Oppo,phone,25,16700.0,97,new,6,256,0,0,13490.66
Realme,phone,56,29400.0,25,poor,4,512,0,0,11713.47
Samsung,phone,5,88500.0,32,fair,4,512,0,1,79070.08
Acer,laptop,45,66700.0,27,fair,16,1024,1,0,34003.65
Vivo,phone,10,27800.0,7,poor,6,64,0,0,22147.42
OnePlus,phone,52,67300.0,31,fair,16,128,0,1,27917.35
MSI,laptop,8,170700.0,37,fair,32,512,1,0,143026.81
Dell,laptop,55,64900.0,64,good,16,1024,0,1,31886.6
Samsung,phone,19,43100.0,93,new,6,512,1,0,39002.43
Realme,phone,1,17000.0,88,new,12,64,0,0,17424.4
HP,laptop,17,90800.0,85,excellent,4,1024,0,0,73837.54
Samsung,phone,33,38400.0,36,fair,16,512,0,1,23145.58
MSI,laptop,58,144000.0,81,excellent,64,256,1,0,77193.17
Dell,laptop,52,62500.0,20,poor,16,1024,1,0,27663.71
Apple,laptop,59,139600.0,56,good,16,512,0,0,66201.77
Acer,laptop,50,84200.0,80,excellent,32,256,1,0,47976.63
Realme,phone,18,32400.0,90,new,16,256,1,1,27391.75
Samsung,phone,8,29100.0,89,new,12,256,0,2,25801.46
HP,laptop,36,32200.0,54,good,64,1024,0,0,20209.12
Xiaomi,phone,23,28100.0,78,excellent,6,128,1,0,22692.37
Apple,laptop,19,139700.0,25,poor,16,256,1,0,104051.66
HP,laptop,48,36600.0,51,good,8,256,1,0,20610.18
Samsung,phone,34,55100.0,79,excellent,8,128,1,0,39609.72
Vivo,phone,58,12700.0,76,excellent,12,128,1,0,6857.07
Realme,phone,17,15600.0,25,poor,12,64,0,1,11057.1
Asus,laptop,33,58300.0,88,new,8,512,1,0,45332.04
Vivo,phone,30,12400.0,74,excellent,6,256,1,0,9395.57
MSI,laptop,4,71900.0,16,poor,16,256,1,0,66019.2
Lenovo,laptop,3,39100.0,12,poor,4,1024,0,1,33243.06
Realme,phone,28,29900.0,17,poor,32,512,0,0,17871.52
Dell,laptop,32,82700.0,42,fair,16,1024,1,0,57304.76
Samsung,phone,41,85000.0,65,good,4,128,1,0,51572.01
Acer,laptop,2,37900.0,10,poor,64,256,0,0,34385.25
MSI,laptop,43,197000.0,33,fair,32,1024,0,1,101092.99
Lenovo,laptop,22,34200.0,54,good,4,512,0,0,26465.88
OnePlus,phone,1,32700.0,49,good,16,512,1,0,31359.61
Apple,phone,10,89100.0,32,fair,16,64,1,0,72813.22
Asus,laptop,57,42200.0,47,good,4,512,0,0,19047.21
Asus,laptop,15,54400.0,62,good,8,1024,1,0,46917.32
Samsung,phone,46,20600.0,5,poor,8,64,1,0,9642.71
Asus,laptop,47,127600.0,23,poor,64,1024,1,3,54621.1
Apple,laptop,12,85100.0,22,poor,32,1024,0,0,67179.27
OnePlus,phone,21,30200.0,48,good,8,128,1,0,23011.51
Apple,phone,51,106400.0,21,poor,6,64,1,1,47838.51
Lenovo,laptop,47,96600.0,54,good,16,512,1,0,55376.76
Xiaomi,phone,59,11100.0,44,fair,16,256,0,0,4556.6
Apple,phone,26,55400.0,90,new,12,128,0,0,44055.17
Dell,laptop,33,37700.0,9,poor,8,1024,1,0,22494.28
Realme,phone,43,15700.0,50,good,12,512,0,0,9044.73
Xiaomi,phone,6,31800.0,12,poor,12,128,0,0,25537.46
MSI,laptop,11,77600.0,69,excellent,8,512,0,3,60194.74
HP,laptop,16,60500.0,38,fair,8,512,1,0,49350.74
Acer,laptop,49,52700.0,31,fair,16,512,0,0,25051.65
MSI,laptop,46,150700.0,49,good,8,1024,1,0,82961.4
OnePlus,phone,3,66100.0,54,good,16,512,0,0,61642.73
Asus,laptop,40,94300.0,21,poor,16,512,1,3,45012.27
Oppo,phone,45,39800.0,12,poor,32,512,1,0,20054.27
Oppo,phone,49,40500.0,78,excellent,16,64,0,0,23013.01
Realme,phone,2,7200.0,83,excellent,32,256,1,0,6944.36
Vivo,phone,5,36500.0,28,fair,32,512,1,0,34116.73
Realme,phone,11,22100.0,32,fair,12,128,0,0,17895.28
Samsung,phone,43,67700.0,41,fair,6,128,1,0,40324.72
Xiaomi,phone,20,19800.0,6,poor,4,256,1,0,13618.12
Realme,phone,19,23700.0,33,fair,12,64,0,0,17050.71
Realme,phone,52,28400.0,95,new,12,512,1,0,16904.36
Lenovo,laptop,43,34800.0,43,fair,32,256,0,1,17581.46
Acer,laptop,35,36200.0,46,good,4,256,1,0,23048.34
Lenovo,laptop,28,83000.0,85,excellent,4,1024,0,0,60263.89
Asus,laptop,53,71100.0,38,fair,64,256,1,3,29023.29
Asus,laptop,11,46100.0,79,excellent,4,1024,1,0,40207.73
Asus,laptop,7,100100.0,77,excellent,64,256,0,0,94303.78
HP,laptop,28,82700.0,68,excellent,32,256,1,0,63883.76
HP,laptop,47,60800.0,12,poor,16,256,1,1,28701.1
Realme,phone,56,10800.0,78,excellent,16,512,0,0,5905.39
Realme,phone,2,23300.0,18,poor,4,256,0,0,20183.75
Acer,laptop,48,40000.0,21,poor,64,1024,0,0,18530.78
Oppo,phone,16,20300.0,8,poor,4,256,0,2,13684.82
MSI,laptop,44,164500.0,39,fair,8,256,1,0,89664.58
Apple,laptop,21,87000.0,52,good,8,256,1,0,70034.11
Dell,laptop,52,44900.0,66,excellent,64,1024,0,0,23155.19
MSI,laptop,39,100700.0,37,fair,4,512,0,0,57123.36
Apple,phone,54,128600.0,59,good,12,128,1,0,66430.85
Acer,laptop,5,83700.0,89,new,8,1024,1,0,83045.56
Apple,laptop,55,142500.0,56,good,32,1024,1,0,75134.2
Apple,laptop,58,170000.0,42,fair,4,512,1,0,78275.44
Dell,laptop,58,76300.0,99,new,64,256,0,3,34455.38
Vivo,phone,20,33500.0,48,good,32,256,1,0,25879.32
Asus,laptop,32,92300.0,67,excellent,16,1024,0,0,63885.16
Samsung,phone,27,84400.0,43,fair,12,512,1,1,56415.41
Xiaomi,phone,59,31000.0,31,fair,6,128,1,0,13047.05
MSI,laptop,54,95900.0,86,new,8,256,1,0,57049.26
OnePlus,phone,19,55000.0,69,excellent,16,128,0,1,42869.03
Realme,phone,4,16400.0,96,new,32,64,1,1,16047.22
Oppo,phone,50,22000.0,8,poor,12,256,1,0,9894.54
Asus,laptop,39,59000.0,68,excellent,16,256,0,0,39343.51
MSI,laptop,45,178400.0,52,good,64,512,1,0,108293.91
Apple,laptop,45,179700.0,9,poor,16,512,0,3,66658.66
Realme,phone,41,17500.0,60,good,12,256,0,1,9797.41
OnePlus,phone,30,26600.0,32,fair,8,256,0,0,16894.34
Realme,phone,48,9500.0,87,new,8,64,1,0,5782.04
Lenovo,laptop,32,82700.0,68,excellent,8,256,0,0,59057.14
Oppo,phone,9,30100.0,18,poor,8,64,1,0,25573.45
Samsung,phone,1,39200.0,94,new,8,64,0,1,38388.68
Acer,laptop,43,34200.0,40,fair,64,512,0,1,18627.76
OnePlus,phone,58,73500.0,67,excellent,4,512,0,0,34551.41
Dell,laptop,21,105300.0,9,poor,32,256,0,0,68141.85
Asus,laptop,60,97200.0,52,good,4,256,0,3,32746.13
HP,laptop,41,79300.0,77,excellent,8,512,1,2,47466.99
MSI,laptop,30,156200.0,91,new,8,1024,0,0,116931.62
Dell,laptop,29,92700.0,20,poor,32,256,0,0,57333.33
Realme,phone,13,24400.0,86,new,32,64,0,1,20166.24
Oppo,phone,46,14800.0,53,good,8,128,1,1,7926.31
Apple,laptop,2,94800.0,86,new,16,256,1,1,98686.16
MSI,laptop,49,164200.0,88,new,32,1024,1,3,88875.81
Lenovo,laptop,57,99400.0,57,good,64,512,1,0,49881.7
HP,laptop,47,103600.0,15,poor,64,256,1,0,52380.53
Dell,laptop,58,76900.0,66,excellent,8,1024,1,0,39926.44
Dell,laptop,40,109700.0,29,fair,16,1024,1,0,61486.19
Samsung,phone,54,29900.0,7,poor,6,512,0,1,11039.49
Vivo,phone,50,12500.0,89,new,4,128,0,1,7077.23
Acer,laptop,10,75400.0,26,fair,16,1024,0,0,63007.61
Apple,laptop,59,170000.0,85,excellent,4,256,0,0,86893.49
Apple,laptop,8,101000.0,82,excellent,64,512,1,0,96943.06
MSI,laptop,29,183300.0,17,poor,64,512,1,0,111446.86
MSI,laptop,40,84700.0,44,fair,16,512,1,0,53208.82
Apple,phone,44,62400.0,82,excellent,6,256,1,0,38982.36
Asus,laptop,33,102500.0,23,poor,32,256,1,0,62291.25
Asus,laptop,31,48900.0,85,excellent,8,512,0,0,37645.29
Lenovo,laptop,9,99900.0,34,fair,4,256,1,0,87772.75
Apple,phone,36,104000.0,100,new,4,64,0,0,78506.34
Vivo,phone,1,33300.0,55,good,4,512,1,0,34390.7
Xiaomi,phone,20,24400.0,93,new,6,256,1,0,20015.58
MSI,laptop,9,60100.0,79,excellent,32,512,1,0,57799.01
Samsung,phone,27,26500.0,56,good,12,512,0,0,19339.6
Apple,phone,44,65400.0,16,poor,6,512,1,0,33241.45
Oppo,phone,17,35500.0,99,new,8,256,1,1,30579.61
Acer,laptop,35,75000.0,39,fair,32,512,1,0,46845.04
Samsung,phone,11,75600.0,25,poor,12,512,1,0,59159.95
MSI,laptop,24,164000.0,48,good,4,256,0,1,110140.92
Vivo,phone,47,23400.0,95,new,4,128,0,0,14146.53
Apple,phone,29,83000.0,29,fair,32,128,0,1,51236.37
Xiaomi,phone,54,12900.0,84,excellent,16,128,0,0,6903.56
Asus,laptop,7,62000.0,54,good,4,1024,0,2,52307.49
Vivo,phone,51,16800.0,88,new,12,128,1,0,10075.47
Asus,laptop,27,61100.0,96,new,8,256,1,1,48874.81
Apple,laptop,54,101700.0,12,poor,8,256,1,2,37663.48
MSI,laptop,21,60800.0,26,fair,8,256,1,0,45244.02
HP,laptop,1,62900.0,15,poor,64,256,1,0,57088.26
MSI,laptop,48,179900.0,99,new,64,1024,1,1,108605.09
Asus,laptop,10,77900.0,42,fair,8,1024,0,2,60542.05
Dell,laptop,21,109600.0,22,poor,32,1024,1,2,69237.68
Apple,laptop,58,170300.0,88,new,32,1024,1,0,95217.77
Asus,laptop,20,44400.0,66,excellent,16,1024,1,0,34709.97
Dell,laptop,14,76100.0,85,excellent,8,512,0,3,57666.89
HP,laptop,25,72600.0,79,excellent,8,256,1,0,60350.64
Apple,laptop,37,172700.0,38,fair,32,512,1,1,98956.41
Acer,laptop,22,65000.0,100,new,16,1024,1,0,53302.7
MSI,laptop,13,147500.0,45,fair,4,512,1,2,113895.99
Realme,phone,35,29700.0,84,excellent,12,512,1,2,20316.43
Acer,laptop,59,41900.0,48,good,8,1024,0,1,16795.1
Dell,laptop,23,75800.0,86,new,8,1024,1,0,63979.96
Vivo,phone,23,10500.0,70,excellent,16,64,1,1,8289.86
Oppo,phone,22,25000.0,48,good,8,64,1,0,19659.14
Acer,laptop,32,44900.0,97,new,8,256,0,0,34637.51
Acer,laptop,45,80100.0,86,new,4,256,0,0,49492.39
Lenovo,laptop,18,94600.0,67,excellent,16,256,0,0,74519.69
Apple,phone,21,94800.0,10,poor,32,256,1,0,64232.09
Lenovo,laptop,4,40100.0,78,excellent,32,1024,0,1,37559.93
Realme,phone,4,34700.0,19,poor,8,64,0,0,29088.74
Acer,laptop,11,83900.0,59,good,8,512,0,1,69741.56
MSI,laptop,1,122300.0,34,fair,4,256,0,0,119687.96
Asus,laptop,26,50800.0,62,good,32,512,1,0,37977.08
Acer,laptop,11,32200.0,8,poor,64,256,0,2,22827.14
Apple,phone,19,118600.0,95,new,4,256,0,1,100044.06
Lenovo,laptop,52,36100.0,99,new,16,512,0,1,21200.92
OnePlus,phone,18,34400.0,87,new,16,512,0,1,28140.85
Asus,laptop,57,97400.0,29,fair,16,512,1,1,41317.28
Dell,laptop,18,70800.0,22,poor,16,512,1,0,52619.91
Acer,laptop,22,63600.0,84,excellent,4,1024,0,0,49136.14
MSI,laptop,60,131400.0,86,new,16,512,1,0,70450.44
Lenovo,laptop,49,38800.0,84,excellent,64,256,1,1,22691.95
Dell,laptop,43,77600.0,26,fair,64,1024,1,0,44146.36
Apple,laptop,5,125900.0,30,fair,16,1024,1,0,119247.55
Asus,laptop,56,124000.0,26,fair,32,512,0,2,43336.24
Oppo,phone,8,20600.0,96,new,6,64,0,0,19603.6
Acer,laptop,25,54100.0,48,good,16,512,1,0,41165.08
Samsung,phone,10,63500.0,20,poor,6,128,1,0,51492.36
Apple,laptop,32,85500.0,97,new,64,1024,0,2,60131.66
Vivo,phone,54,16500.0,100,new,4,64,0,0,9718.53
Lenovo,laptop,35,51400.0,83,excellent,64,256,0,0,35500.98
Samsung,phone,42,20600.0,89,new,4,64,0,0,13758.95
Apple,phone,30,116600.0,85,excellent,16,64,1,0,91907.81
Apple,laptop,56,118500.0,30,fair,32,1024,1,2,44997.03
Apple,phone,39,63400.0,97,new,32,512,1,0,47563.4
Dell,laptop,51,59400.0,74,excellent,4,512,0,2,30044.65
Xiaomi,phone,8,17200.0,97,new,8,128,1,1,17092.13
Dell,laptop,42,45800.0,62,good,16,256,1,0,28522.81
Apple,laptop,7,182100.0,77,excellent,64,512,0,0,168564.09
Acer,laptop,13,65100.0,85,excellent,4,256,0,0,56677.72
Asus,laptop,38,61300.0,73,excellent,4,1024,1,2,38019.19
Oppo,phone,37,34100.0,72,excellent,12,512,0,1,22523.45
Oppo,phone,13,32500.0,33,fair,12,256,1,1,25759.41
Realme,phone,2,12400.0,94,new,4,64,1,2,11874.71
Oppo,phone,3,25500.0,71,excellent,12,128,1,1,24712.39
Dell,laptop,51,111200.0,46,good,32,256,0,0,55588.8
Dell,laptop,53,58400.0,69,excellent,8,256,1,0,31997.27
MSI,laptop,60,163200.0,63,good,8,1024,1,0,78769.34
MSI,laptop,60,162800.0,36,fair,4,256,1,0,70701.86
Xiaomi,phone,38,23800.0,6,poor,12,128,1,1,12185.58
Apple,laptop,4,184600.0,63,good,32,512,1,0,189866.65
Vivo,phone,37,17300.0,72,excellent,32,512,0,0,11999.74
Apple,laptop,59,161600.0,78,excellent,4,1024,1,1,77207.91
Acer,laptop,50,72300.0,30,fair,4,512,1,2,30895.4
Asus,laptop,42,45900.0,10,poor,64,512,0,0,21981.47
Dell,laptop,35,75300.0,99,new,64,1024,1,0,55123.49
Xiaomi,phone,57,25400.0,92,new,12,128,0,0,13764.55
Vivo,phone,25,18300.0,97,new,4,128,1,1,15196.25
MSI,laptop,31,167900.0,99,new,16,256,0,0,127881.46
Asus,laptop,2,120900.0,100,new,4,1024,1,0,123801.31
OnePlus,phone,13,28000.0,44,fair,8,64,1,1,21356.82
MSI,laptop,41,84300.0,79,excellent,4,512,1,0,55312.96
Lenovo,laptop,20,33000.0,53,good,32,1024,0,0,24887.26
Apple,phone,6,149100.0,61,good,4,128,1,0,136944.61
Asus,laptop,32,95400.0,92,new,32,1024,1,0,71666.23
Oppo,phone,20,36800.0,24,poor,16,256,0,2,23832.52
Apple,laptop,24,179600.0,42,fair,32,1024,1,0,135316.38
Dell,laptop,44,70200.0,14,poor,16,256,0,0,33255.35
MSI,laptop,1,112300.0,60,good,4,512,0,1,110909.48
Apple,phone,2,89400.0,46,good,4,256,0,3,77337.01
Asus,laptop,52,80600.0,63,good,8,256,0,0,40495.76
HP,laptop,4,35600.0,99,new,4,512,1,0,36144.87
Apple,laptop,41,199900.0,44,fair,8,512,0,0,120520.77
Apple,phone,59,70500.0,75,excellent,6,256,0,1,33929.1
Asus,laptop,6,102600.0,99,new,32,512,0,0,98168.32
OnePlus,phone,15,67000.0,86,new,32,512,1,1,59017.85
Realme,phone,18,32700.0,99,new,8,64,1,0,29706.4
Dell,laptop,11,75500.0,15,poor,64,256,0,0,57963.95
Lenovo,laptop,1,76400.0,93,new,16,256,1,0,78147.21
Dell,laptop,50,82500.0,91,new,32,512,0,1,46517.78
Apple,laptop,35,159600.0,63,good,4,512,0,0,103999.01
Apple,phone,39,65800.0,22,poor,12,64,1,0,37819.11
Apple,phone,1,108200.0,84,excellent,8,128,1,0,110703.74
Lenovo,laptop,26,35900.0,71,excellent,16,256,1,1,27276.76
Xiaomi,phone,60,23700.0,69,excellent,4,256,0,1,10411.51
Lenovo,laptop,36,35600.0,44,fair,4,512,0,0,21749.53
Apple,phone,13,97000.0,66,excellent,4,128,1,0,85057.45
HP,laptop,9,81800.0,95,new,16,1024,1,1,80501.14
Dell,laptop,10,41400.0,98,new,64,1024,0,0,37769.55
Asus,laptop,28,82900.0,11,poor,8,256,1,0,50450.25
Oppo,phone,13,40000.0,44,fair,6,512,1,1,30194.46
Realme,phone,50,11300.0,63,good,16,128,1,0,6284.76
Apple,laptop,16,162100.0,8,poor,32,512,0,2,104516.29
MSI,laptop,8,197800.0,67,excellent,32,1024,0,0,185603.33
Dell,laptop,1,56900.0,78,excellent,16,512,0,0,58818.63
Lenovo,laptop,4,33900.0,64,good,32,512,0,0,32952.42
Xiaomi,phone,2,32600.0,38,fair,6,512,0,0,30392.04
Acer,laptop,41,60500.0,64,good,32,512,1,0,36772.74
Realme,phone,41,17800.0,74,excellent,16,128,0,0,11121.53
Xiaomi,phone,44,32100.0,60,good,16,512,1,3,16070.88
Dell,laptop,27,39100.0,68,excellent,8,256,0,1,26466.85
Asus,laptop,59,83100.0,99,new,64,1024,1,0,44767.61
OnePlus,phone,20,75800.0,45,fair,4,256,0,0,54270.74
Apple,phone,37,86500.0,99,new,6,512,1,0,62897.13
Oppo,phone,13,36300.0,90,new,6,128,0,3,29604.56
Asus,laptop,9,88000.0,36,fair,64,512,0,1,74518.26
Asus,laptop,42,101200.0,34,fair,16,1024,0,0,54918.37
Oppo,phone,52,31600.0,41,fair,12,256,1,0,16232.31
MSI,laptop,24,86400.0,36,fair,16,256,1,0,60025.84
Oppo,phone,9,44000.0,9,poor,16,128,1,0,36399.85
Xiaomi,phone,13,25800.0,67,excellent,8,128,1,0,22369.25
Dell,laptop,29,85000.0,65,good,8,512,0,1,60257.86
Apple,laptop,28,115600.0,71,excellent,32,256,1,0,87712.67
HP,laptop,60,48900.0,37,fair,64,256,0,0,20828.56
Xiaomi,phone,38,31700.0,24,poor,32,256,1,0,17519.41
Apple,laptop,6,105300.0,27,fair,4,512,0,0,90126.62
Realme,phone,27,27700.0,82,excellent,6,128,1,1,21529.65
Realme,phone,34,33600.0,80,excellent,12,512,1,0,23847.15
Apple,laptop,3,93900.0,55,good,16,1024,0,0,94386.91
Vivo,phone,52,13100.0,38,fair,8,128,0,1,6119.89
Vivo,phone,8,8800.0,86,new,4,128,0,0,8078.66
Acer,laptop,37,36800.0,25,poor,16,256,1,0,21910.87
Xiaomi,phone,1,32400.0,99,new,8,64,0,2,32840.74
Realme,phone,58,28500.0,8,poor,32,128,1,1,9708.33
Oppo,phone,48,10800.0,18,poor,16,512,1,1,5187.46
Realme,phone,4,30700.0,100,new,12,64,1,0,32229.39
Samsung,phone,20,38900.0,89,new,8,64,1,0,34833.41
Vivo,phone,42,12400.0,69,excellent,12,64,0,2,7229.23
Samsung,phone,5,69100.0,14,poor,6,128,0,0,57777.05
Acer,laptop,54,49100.0,44,fair,64,512,1,1,22390.97
Oppo,phone,14,35600.0,84,excellent,32,512,1,1,31266.51
Samsung,phone,5,38300.0,23,poor,4,64,0,0,31930.75
MSI,laptop,30,160500.0,35,fair,32,256,0,1,102164.31
Apple,laptop,53,157600.0,88,new,32,256,0,0,93609.31
Asus,laptop,23,71600.0,50,good,4,1024,1,0,55785.41
Xiaomi,phone,8,22800.0,36,fair,12,128,1,2,19161.02
OnePlus,phone,24,33800.0,40,fair,4,64,0,0,23386.96
Vivo,phone,13,19300.0,34,fair,6,64,0,0,14875.68
Samsung,phone,28,59600.0,84,excellent,16,512,1,0,46322.14
Apple,laptop,1,89000.0,74,excellent,32,256,0,0,92640.53
Vivo,phone,40,10500.0,49,good,4,256,1,1,6343.24
HP,laptop,8,88600.0,21,poor,64,1024,1,1,71698.73
Acer,laptop,14,57500.0,43,fair,4,1024,0,0,46102.67
Apple,laptop,26,114600.0,34,fair,4,512,0,0,79690.1
Samsung,phone,43,33800.0,91,new,32,128,0,1,21453.43
Lenovo,laptop,30,50000.0,76,excellent,4,1024,1,0,36214.27
Lenovo,laptop,30,37800.0,26,fair,8,256,1,0,24171.61
Apple,phone,43,95400.0,40,fair,12,256,0,0,54213.63
Dell,laptop,24,63500.0,81,excellent,64,512,0,1,48223.64
OnePlus,phone,31,69600.0,15,poor,32,128,0,1,38621.29
MSI,laptop,16,173900.0,88,new,8,512,0,0,155816.91
Lenovo,laptop,34,92700.0,24,poor,8,256,0,0,57299.76
Apple,laptop,24,139000.0,54,good,8,256,1,0,107374.42
Xiaomi,phone,43,16800.0,10,poor,8,64,1,1,7831.33
OnePlus,phone,38,49800.0,79,excellent,32,256,1,1,32540.7
Vivo,phone,39,12000.0,38,fair,6,64,0,0,6706.54
MSI,laptop,53,120800.0,90,new,4,512,1,0,75067.93
Oppo,phone,53,28100.0,96,new,4,64,1,0,16755.05
Realme,phone,30,29900.0,15,poor,16,256,0,1,16730.62
Realme,phone,7,18000.0,68,excellent,12,512,1,0,17074.53
Apple,laptop,22,116000.0,30,fair,8,1024,1,0,81603.24
Lenovo,laptop,40,80800.0,92,new,32,1024,0,1,50928.95
Apple,laptop,44,117700.0,21,poor,16,1024,1,0,61950.9
Samsung,phone,36,98700.0,25,poor,12,128,1,0,59487.0
Oppo,phone,24,10500.0,13,poor,4,128,0,0,6560.59
HP,laptop,26,30300.0,69,excellent,8,512,0,1,22164.83
HP,laptop,54,101000.0,22,poor,32,256,0,1,41675.69
Apple,phone,41,138100.0,17,poor,4,256,0,1,68446.1
Asus,laptop,31,79800.0,100,new,8,512,0,0,64344.21
MSI,laptop,59,81100.0,84,excellent,4,1024,1,2,36772.28
Apple,laptop,58,194500.0,98,new,4,256,1,0,113207.69
Acer,laptop,7,44700.0,98,new,16,256,1,0,45349.08
Oppo,phone,56,19000.0,83,excellent,12,512,0,0,9707.61
Lenovo,laptop,35,33300.0,37,fair,16,1024,1,1,19878.83
MSI,laptop,16,136900.0,30,fair,4,512,1,0,105207.37
Lenovo,laptop,26,53800.0,93,new,4,512,1,1,40416.02
HP,laptop,49,86300.0,10,poor,4,1024,1,0,41343.01
MSI,laptop,19,115800.0,50,good,8,256,1,0,91771.04
HP,laptop,19,69200.0,25,poor,4,512,0,1,47142.34
Lenovo,laptop,19,31800.0,13,poor,4,512,1,0,21809.19
MSI,laptop,17,77900.0,74,excellent,32,1024,0,0,66201.71
Lenovo,laptop,27,38000.0,44,fair,64,512,0,0,26584.78
Acer,laptop,34,68000.0,79,excellent,16,1024,0,0,49319.1
OnePlus,phone,5,50700.0,47,good,32,128,0,1,45500.03
Xiaomi,phone,3,23400.0,100,new,4,512,1,2,22455.61
Apple,laptop,32,198900.0,80,excellent,8,1024,0,0,149688.53
Xiaomi,phone,35,17600.0,31,fair,12,128,0,0,10020.3
Xiaomi,phone,17,19600.0,50,good,8,64,0,0,15866.01
Xiaomi,phone,8,34700.0,42,fair,8,256,0,1,28119.9
Xiaomi,phone,4,38000.0,56,good,8,256,0,0,34575.37
MSI,laptop,44,145300.0,74,excellent,4,256,1,1,89085.71
MSI,laptop,4,105100.0,69,excellent,4,256,0,1,94899.12
OnePlus,phone,51,71100.0,90,new,16,512,0,0,42530.65
Dell,laptop,1,89300.0,61,good,32,256,0,0,89504.44
Samsung,phone,4,91000.0,9,poor,12,512,1,0,76262.62
Lenovo,laptop,16,76700.0,49,good,8,512,1,1,59760.43
OnePlus,phone,6,50400.0,25,poor,32,64,1,2,39723.76
Xiaomi,phone,12,16600.0,77,excellent,4,128,0,0,14800.23
Realme,phone,54,28400.0,15,poor,16,128,1,0,12179.17
Realme,phone,13,8700.0,56,good,6,128,1,1,7193.58
Vivo,phone,18,20100.0,26,fair,12,512,0,0,15009.97
Vivo,phone,11,38100.0,24,poor,12,256,1,3,27220.75
Vivo,phone,54,40000.0,9,poor,32,64,0,1,15335.37
MSI,laptop,43,177700.0,11,poor,32,512,0,0,87899.29
Asus,laptop,52,128700.0,62,good,4,256,1,0,73457.42
OnePlus,phone,10,69300.0,86,new,8,512,0,0,65044.25
Apple,phone,1,58200.0,35,fair,8,512,0,1,51858.58
MSI,laptop,31,144600.0,97,new,32,256,1,0,113583.61
Samsung,phone,29,63000.0,44,fair,8,256,0,0,43945.51
Dell,laptop,31,105600.0,52,good,64,512,1,0,70548.91
Asus,laptop,21,68200.0,44,fair,32,256,0,0,50463.05
MSI,laptop,9,146300.0,16,poor,32,256,0,0,115087.84
Samsung,phone,6,42100.0,5,poor,12,128,1,1,34775.12
Lenovo,laptop,60,69600.0,62,good,16,256,1,0,33330.13
MSI,laptop,48,70700.0,32,fair,64,256,0,0,34036.77
Apple,laptop,42,127800.0,98,new,16,256,1,1,83803.35
Lenovo,laptop,54,81600.0,80,excellent,32,1024,1,0,46693.55
OnePlus,phone,35,51800.0,59,good,4,256,1,0,34638.18
Asus,laptop,46,112800.0,37,fair,4,512,0,0,57141.98
MSI,laptop,39,79800.0,17,poor,16,1024,0,2,38930.57
Apple,phone,40,124800.0,17,poor,12,256,0,0,68415.14
Dell,laptop,58,49200.0,52,good,4,256,0,0,22988.86
Acer,laptop,30,52600.0,60,good,8,256,1,0,37570.47
Vivo,phone,45,8900.0,89,new,4,512,1,0,6081.37
Oppo,phone,2,40500.0,61,good,8,128,0,1,38136.93
OnePlus,phone,13,37800.0,48,good,32,256,1,0,32165.75
Oppo,phone,9,43200.0,57,good,8,256,1,1,35860.89
Vivo,phone,52,17400.0,21,poor,4,128,1,0,8232.66
Apple,phone,41,61800.0,99,new,4,64,0,0,43266.4
Realme,phone,23,29900.0,74,excellent,16,128,1,0,23657.79
Acer,laptop,9,49800.0,78,excellent,8,512,0,1,45964.11
Apple,laptop,33,91600.0,58,good,4,512,1,0,62528.4
Xiaomi,phone,55,37800.0,93,new,16,64,0,1,20635.21
MSI,laptop,53,186100.0,12,poor,64,256,0,1,72417.92
Vivo,phone,28,36900.0,50,good,32,256,0,1,25362.6
HP,laptop,21,105300.0,88,new,8,1024,0,0,83791.66
OnePlus,phone,25,27200.0,45,fair,8,512,0,1,17651.08
Oppo,phone,18,20800.0,63,good,4,256,0,2,14667.29
MSI,laptop,24,199100.0,53,good,64,1024,0,1,135879.22
Vivo,phone,38,33300.0,54,good,4,512,1,0,22377.39
MSI,laptop,8,139900.0,98,new,16,512,1,0,143398.14
Oppo,phone,25,23000.0,80,excellent,8,512,0,1,16823.11
Apple,phone,15,65700.0,7,poor,32,512,1,0,50085.25
Asus,laptop,48,96100.0,22,poor,4,1024,1,0,50014.48
Dell,laptop,46,84500.0,38,fair,4,256,0,1,42392.55
HP,laptop,53,61300.0,100,new,64,256,0,0,38077.2
Lenovo,laptop,11,93800.0,26,fair,16,512,1,0,74047.69
Dell,laptop,33,112000.0,71,excellent,4,512,1,0,78979.49
Apple,laptop,2,130800.0,28,fair,64,512,1,0,127448.36
Apple,phone,34,116400.0,43,fair,32,128,1,1,74891.53
MSI,laptop,9,138600.0,59,good,16,1024,0,2,116970.06
Dell,laptop,59,68300.0,69,excellent,8,1024,0,0,34510.21
Lenovo,laptop,15,70600.0,38,fair,16,1024,0,0,54364.78
Lenovo,laptop,25,38700.0,38,fair,4,512,0,0,27985.31
Oppo,phone,2,39700.0,80,excellent,32,256,1,1,38379.04
Apple,laptop,15,106100.0,45,fair,8,1024,0,0,86390.83
Xiaomi,phone,20,28500.0,58,good,6,256,1,1,21442.32
OnePlus,phone,55,69100.0,99,new,6,256,0,1,36931.89
Realme,phone,47,33400.0,21,poor,16,64,1,0,16171.12
Realme,phone,36,32100.0,16,poor,8,64,1,0,18448.42
Oppo,phone,13,35900.0,98,new,4,512,0,0,32743.97
Samsung,phone,37,89800.0,81,excellent,16,128,0,0,59275.16
Acer,laptop,23,49400.0,79,excellent,4,1024,0,1,37700.17
MSI,laptop,30,101500.0,80,excellent,32,512,1,0,74665.14
Xiaomi,phone,3,37400.0,57,good,8,512,1,1,34333.25
Apple,laptop,1,171700.0,22,poor,4,512,0,0,155099.87
Apple,phone,28,76100.0,100,new,12,64,1,0,62384.11
Xiaomi,phone,35,27700.0,92,new,6,512,1,0,20583.68
Apple,laptop,58,159600.0,85,excellent,8,1024,1,1,80181.65
Dell,laptop,31,35400.0,49,good,16,256,1,3,20477.23
Apple,phone,31,82000.0,20,poor,8,256,1,0,51401.02
Realme,phone,19,34500.0,16,poor,8,64,0,0,24714.05
Xiaomi,phone,11,33000.0,40,fair,8,128,0,0,27450.84
HP,laptop,17,91400.0,26,fair,4,1024,0,1,61355.28
Asus,laptop,28,86200.0,8,poor,16,512,1,1,49627.5
Realme,phone,28,20700.0,5,poor,4,64,1,0,12235.65
Realme,phone,40,32700.0,66,excellent,6,256,0,0,19762.65
Dell,laptop,14,67600.0,45,fair,8,1024,1,0,53319.16
Lenovo,laptop,41,66500.0,36,fair,4,1024,1,0,36704.83
Vivo,phone,14,17800.0,57,good,4,128,1,0,14347.61
Vivo,phone,3,32400.0,77,excellent,4,64,1,0,31782.72
OnePlus,phone,49,76500.0,43,fair,16,128,0,0,40476.15
Vivo,phone,23,9700.0,43,fair,32,64,1,1,6771.99
Apple,laptop,2,125900.0,54,good,64,1024,0,1,117555.92
Vivo,phone,35,19300.0,76,excellent,4,128,1,0,14076.2
Oppo,phone,39,15500.0,99,new,16,64,1,1,10756.97
MSI,laptop,55,176800.0,69,excellent,8,1024,0,1,84250.61
OnePlus,phone,24,42300.0,76,excellent,4,256,0,0,34237.29
Oppo,phone,57,34500.0,62,good,8,128,0,0,16404.58
HP,laptop,52,48200.0,15,poor,8,1024,0,0,20481.88
Oppo,phone,49,21200.0,84,excellent,32,256,1,0,13604.87
Samsung,phone,9,58100.0,37,fair,12,512,1,1,47852.69
OnePlus,phone,41,41100.0,60,good,4,256,1,2,22365.45
Apple,phone,41,63800.0,59,good,6,128,0,0,40305.07
OnePlus,phone,22,68900.0,60,good,6,512,1,1,50451.92
MSI,laptop,33,150400.0,31,fair,64,512,0,2,85346.01
Oppo,phone,59,15500.0,14,poor,8,64,1,0,6358.22
MSI,laptop,51,170900.0,92,new,8,512,0,0,105749.91
Dell,laptop,18,79000.0,91,new,32,1024,1,0,66314.8
Lenovo,laptop,17,31500.0,74,excellent,4,1024,0,0,26585.1
Apple,phone,49,96000.0,38,fair,12,64,1,0,47710.58
Acer,laptop,22,52900.0,42,fair,32,512,1,0,39106.32
Vivo,phone,1,25500.0,30,fair,4,512,0,1,23127.56
Oppo,phone,35,29000.0,34,fair,12,256,0,0,17392.64
Acer,laptop,51,56600.0,97,new,4,1024,1,0,34068.52
Dell,laptop,1,36200.0,47,good,32,512,0,0,36900.5
Asus,laptop,11,106900.0,40,fair,32,1024,1,1,83742.14
Acer,laptop,52,36600.0,98,new,16,512,0,0,21695.2
Vivo,phone,12,30300.0,67,excellent,12,512,0,1,25705.12
MSI,laptop,45,76500.0,73,excellent,16,256,0,3,37647.07
MSI,laptop,15,108100.0,37,fair,8,512,0,0,85430.09
Oppo,phone,9,43700.0,16,poor,6,256,0,0,35147.87
OnePlus,phone,49,48400.0,36,fair,8,256,0,0,24767.03
Apple,laptop,17,181000.0,70,excellent,4,256,0,0,151873.08
Acer,laptop,15,25600.0,71,excellent,8,256,1,0,21838.82
MSI,laptop,16,132900.0,13,poor,64,256,0,0,96019.62
Oppo,phone,55,25100.0,73,excellent,6,256,0,1,12237.04
Oppo,phone,23,18100.0,48,good,12,256,0,0,13374.36
Lenovo,laptop,35,77900.0,10,poor,32,1024,0,0,41399.94
Apple,laptop,14,174700.0,46,good,8,1024,0,2,129598.97
Dell,laptop,10,97100.0,36,fair,4,1024,0,0,77846.14
Oppo,phone,53,44400.0,7,poor,16,256,1,0,19386.14
Samsung,phone,38,44200.0,24,poor,12,128,0,0,25877.62
HP,laptop,42,88800.0,99,new,64,1024,0,1,56884.13
Apple,laptop,10,82300.0,14,poor,32,1024,0,0,62845.5
Apple,laptop,1,129100.0,97,new,64,256,1,0,130912.75
Dell,laptop,37,37700.0,12,poor,16,512,0,1,18458.16
Samsung,phone,17,87300.0,93,new,12,64,0,0,73497.64
Samsung,phone,32,76500.0,39,fair,12,128,0,0,49805.18
OnePlus,phone,52,52600.0,65,good,6,256,1,0,27753.86
Apple,phone,20,86200.0,45,fair,8,128,1,1,64315.6
Lenovo,laptop,7,94800.0,39,fair,64,256,0,1,83871.76
Dell,laptop,56,105400.0,95,new,8,512,1,0,59719.08
Samsung,phone,13,53200.0,81,excellent,4,512,1,0,48968.96
Asus,laptop,23,52800.0,96,new,32,256,1,0,44587.39
Acer,laptop,34,46000.0,92,new,64,512,1,2,32516.45
Acer,laptop,44,42500.0,49,good,64,256,1,0,23566.27
Asus,laptop,37,81700.0,79,excellent,16,1024,1,0,55078.61
Oppo,phone,52,34500.0,100,new,12,64,0,1,19477.04
HP,laptop,47,95000.0,45,fair,4,256,1,0,53015.76
OnePlus,phone,9,50400.0,69,excellent,4,64,0,1,45834.19
Acer,laptop,56,27600.0,96,new,64,1024,1,0,16161.88
Oppo,phone,41,41500.0,64,good,12,512,0,1,25033.56
Lenovo,laptop,2,49900.0,27,fair,4,256,1,3,44179.53
Samsung,phone,17,31900.0,78,excellent,6,256,1,0,27073.86
Dell,laptop,28,118200.0,10,poor,32,1024,1,0,72894.97
Apple,phone,16,69500.0,77,excellent,32,256,1,0,60944.99
HP,laptop,37,84900.0,23,poor,64,256,1,0,48119.47
Apple,laptop,59,109700.0,15,poor,64,1024,1,0,41463.73
Lenovo,laptop,2,35700.0,95,new,8,1024,1,0,34257.63
Oppo,phone,33,22900.0,19,poor,4,128,0,0,13617.37
Apple,phone,52,120000.0,81,excellent,8,256,1,1,68363.28
Oppo,phone,48,25300.0,81,excellent,32,512,0,0,15775.76
Dell,laptop,15,118300.0,67,excellent,64,512,1,2,93175.04
Oppo,phone,28,12600.0,60,good,4,128,0,0,8976.74
Apple,phone,51,54800.0,64,good,6,64,0,0,28898.0
Realme,phone,23,15000.0,19,poor,16,512,0,0,10466.17
MSI,laptop,16,141700.0,22,poor,64,512,0,0,105183.97
Asus,laptop,16,64400.0,6,poor,4,512,1,0,48039.33
Asus,laptop,20,37400.0,49,good,64,256,0,0,28738.13
Dell,laptop,34,59600.0,90,new,32,512,0,0,42852.06
Acer,laptop,11,87400.0,93,new,4,256,1,0,83969.76
Lenovo,laptop,48,69100.0,45,fair,64,1024,1,0,37383.1
Xiaomi,phone,50,38700.0,37,fair,6,512,0,1,18356.24
Dell,laptop,52,76500.0,71,excellent,16,1024,1,2,36727.26
Realme,phone,10,8400.0,64,good,12,512,1,1,7113.02
Apple,laptop,5,146400.0,13,poor,64,256,0,0,129430.72
Apple,phone,43,84000.0,11,poor,8,512,1,0,43681.39
Apple,phone,11,100400.0,92,new,12,256,0,0,92564.82
HP,laptop,28,42100.0,72,excellent,8,512,1,0,31227.73
HP,laptop,13,103500.0,94,new,16,1024,1,1,87762.33
Oppo,phone,40,16700.0,55,good,16,128,0,1,9985.59
Lenovo,laptop,42,85900.0,18,poor,4,1024,0,1,41783.77
Xiaomi,phone,59,24400.0,67,excellent,6,256,0,0,12089.88
Samsung,phone,35,83600.0,90,new,6,64,1,0,60429.0
OnePlus,phone,1,57100.0,44,fair,16,256,0,0,57553.9
MSI,laptop,9,180100.0,96,new,32,1024,1,0,170792.41
Vivo,phone,54,30200.0,89,new,16,256,0,0,16822.48
MSI,laptop,55,119900.0,23,poor,4,256,1,1,49510.53
HP,laptop,28,78500.0,19,poor,8,512,1,3,43725.06
Asus,laptop,11,74200.0,56,good,64,1024,1,0,64017.08
MSI,laptop,45,110700.0,67,excellent,8,512,0,0,68213.94
Apple,phone,34,74500.0,86,new,8,512,0,0,51354.74
HP,laptop,38,87800.0,74,excellent,32,256,1,1,59447.06
Samsung,phone,52,80800.0,58,good,12,256,0,2,37386.69
Dell,laptop,48,93100.0,92,new,4,1024,0,0,54577.99
MSI,laptop,2,160000.0,98,new,16,1024,0,0,154500.87
MSI,laptop,49,125600.0,94,new,32,1024,0,0,78739.13
Lenovo,laptop,18,66400.0,66,excellent,16,512,0,1,52882.01
Lenovo,laptop,37,91800.0,56,good,4,256,1,0,57020.46
Apple,phone,18,119900.0,28,fair,4,512,1,3,79235.99
MSI,laptop,23,91600.0,68,excellent,32,512,1,0,75522.77
Apple,laptop,8,93500.0,18,poor,8,1024,0,0,73085.98
Samsung,phone,42,43400.0,47,good,4,128,1,0,24590.98
Xiaomi,phone,23,32800.0,54,good,32,256,1,0,24308.26
Xiaomi,phone,13,17000.0,96,new,8,512,1,3,13736.61
Asus,laptop,18,97600.0,7,poor,32,1024,1,0,65823.48
Vivo,phone,46,25500.0,29,fair,32,64,1,2,11738.34
Apple,laptop,25,118100.0,92,new,64,1024,1,0,92545.03
Xiaomi,phone,59,31000.0,80,excellent,8,128,0,0,15701.31
Xiaomi,phone,5,23600.0,22,poor,12,256,0,0,19664.49
OnePlus,phone,33,49400.0,72,excellent,8,64,0,1,32948.58
Lenovo,laptop,45,72500.0,49,good,16,1024,1,1,37487.33
Xiaomi,phone,30,20900.0,59,good,16,256,0,0,14183.5
Realme,phone,2,14000.0,56,good,16,512,1,0,13918.9
Realme,phone,38,22000.0,86,new,32,64,1,2,13823.13
HP,laptop,35,75600.0,99,new,16,256,1,1,57207.37
Xiaomi,phone,13,13600.0,71,excellent,8,512,0,0,11566.45
OnePlus,phone,39,77200.0,11,poor,6,512,1,0,42251.45
Vivo,phone,58,29800.0,69,excellent,32,512,1,0,15846.93
Apple,laptop,41,143600.0,9,poor,8,512,1,0,76043.75
Realme,phone,18,24500.0,94,new,6,64,0,0,21806.38
Vivo,phone,57,14800.0,82,excellent,32,256,1,0,8150.54
Vivo,phone,33,17000.0,93,new,32,128,0,1,11706.52
Apple,laptop,19,133200.0,47,good,32,256,1,0,98461.7
Apple,laptop,22,131500.0,43,fair,16,512,0,0,92676.24
HP,laptop,19,66500.0,84,excellent,8,512,1,1,55120.06
Oppo,phone,1,29000.0,33,fair,16,64,1,0,28843.73
HP,laptop,26,52200.0,93,new,64,256,1,0,43590.29
Xiaomi,phone,17,30100.0,44,fair,32,64,0,1,22991.9
Oppo,phone,21,43400.0,90,new,16,256,0,0,37416.56
Xiaomi,phone,23,31200.0,96,new,8,256,1,1,26499.78
Xiaomi,phone,34,11500.0,60,good,16,256,1,0,7891.12
MSI,laptop,19,152100.0,22,poor,4,1024,0,0,103669.27
HP,laptop,44,75800.0,67,excellent,32,1024,1,0,44759.95
MSI,laptop,34,121300.0,28,fair,8,512,0,0,76306.7
OnePlus,phone,36,58000.0,100,new,32,64,1,2,41802.18
MSI,laptop,29,64900.0,5,poor,64,256,1,1,37344.41
Lenovo,laptop,47,39900.0,96,new,4,1024,1,0,25379.7
Lenovo,laptop,55,67400.0,77,excellent,4,512,1,0,35489.98
OnePlus,phone,8,60700.0,11,poor,8,512,1,0,51593.08
Oppo,phone,49,29000.0,22,poor,4,256,1,0,14494.61
MSI,laptop,22,154200.0,26,fair,32,1024,1,1,107367.21
OnePlus,phone,47,71000.0,46,good,8,64,1,1,37348.66
HP,laptop,43,81500.0,96,new,8,512,0,0,55394.82
Dell,laptop,37,54100.0,49,good,32,256,1,0,34316.55
Apple,phone,10,117900.0,52,good,8,256,1,0,102597.8
MSI,laptop,56,197900.0,87,new,64,1024,0,0,108437.83
Apple,laptop,31,112500.0,15,poor,16,512,1,0,69025.81
Xiaomi,phone,41,23400.0,88,new,4,512,1,1,15649.18
Apple,laptop,48,172900.0,34,fair,16,512,0,0,86876.1
Asus,laptop,39,68600.0,78,excellent,32,512,1,0,48650.93
Xiaomi,phone,46,11700.0,53,good,12,512,1,0,6607.16
Asus,laptop,17,99500.0,81,excellent,32,512,1,0,88956.25
HP,laptop,56,38000.0,99,new,4,1024,1,0,23162.3
Apple,phone,1,125800.0,32,fair,12,64,0,0,119245.35
Xiaomi,phone,13,20900.0,81,excellent,12,64,0,0,17708.8
HP,laptop,52,49900.0,28,fair,16,256,0,0,22585.27
Vivo,phone,49,28400.0,87,new,6,512,0,0,17117.5
Xiaomi,phone,12,32500.0,39,fair,12,128,0,0,25241.21
Apple,laptop,28,115300.0,8,poor,32,1024,0,0,67179.83
Vivo,phone,23,12900.0,60,good,16,512,1,0,9592.03
Lenovo,laptop,2,47000.0,30,fair,32,1024,1,0,43859.48
Asus,laptop,9,104400.0,24,poor,8,512,0,2,82522.65
Samsung,phone,24,20200.0,44,fair,4,512,0,0,13856.63
Samsung,phone,11,40200.0,65,good,8,256,0,0,36275.89
OnePlus,phone,3,73500.0,88,new,4,128,0,0,72104.59
Realme,phone,28,31400.0,40,fair,16,64,0,0,21985.56
Acer,laptop,36,61700.0,5,poor,16,512,0,0,33623.53
Acer,laptop,35,31400.0,35,fair,4,256,0,0,19477.02
MSI,laptop,52,137200.0,67,excellent,32,1024,1,0,79754.84
Apple,phone,2,135900.0,53,good,6,256,1,0,136216.53
Asus,laptop,14,55800.0,9,poor,4,1024,0,1,39839.86
Vivo,phone,10,32200.0,78,excellent,8,64,0,0,27807.49
Xiaomi,phone,16,16700.0,17,poor,4,128,1,2,11653.35
Xiaomi,phone,22,12000.0,7,poor,6,64,0,2,7037.53
Acer,laptop,27,71400.0,13,poor,32,1024,1,0,45643.97
Acer,laptop,14,48900.0,38,fair,8,512,0,3,33440.94
Apple,phone,6,63100.0,97,new,8,256,1,0,66227.34
Acer,laptop,53,25700.0,55,good,16,1024,0,1,11973.94
Asus,laptop,23,77400.0,40,fair,64,512,0,0,56730.84
HP,laptop,17,64500.0,70,excellent,8,256,0,0,50718.57
HP,laptop,21,67200.0,78,excellent,64,1024,1,0,57103.89
Dell,laptop,47,109900.0,50,good,64,512,1,0,59185.16
Acer,laptop,19,72600.0,7,poor,32,256,0,0,50560.75
Samsung,phone,37,35000.0,73,excellent,8,256,0,0,22372.73
Apple,laptop,33,186800.0,30,fair,64,1024,1,1,107289.81
HP,laptop,6,41400.0,8,poor,4,1024,0,1,31494.96
Acer,laptop,34,75400.0,37,fair,32,512,0,1,42170.4
Acer,laptop,33,63900.0,44,fair,4,1024,0,2,37317.89
Dell,laptop,52,112700.0,89,new,8,256,1,0,69182.85
Xiaomi,phone,29,18900.0,91,new,4,64,0,0,14336.22
Apple,laptop,53,97500.0,73,excellent,16,1024,1,0,53067.94
Dell,laptop,18,77200.0,15,poor,32,256,0,0,55511.99
Apple,laptop,26,137100.0,100,new,16,256,1,0,109811.15
Oppo,phone,15,31200.0,37,fair,4,64,0,0,23858.86
Samsung,phone,17,36400.0,39,fair,6,512,1,0,26970.86
Realme,phone,46,8900.0,98,new,16,128,0,0,5926.75
Apple,phone,26,62300.0,43,fair,12,512,1,0,42569.09
Asus,laptop,5,47200.0,54,good,16,512,0,0,44666.93
Xiaomi,phone,43,22800.0,66,excellent,6,64,1,0,14765.64
Oppo,phone,28,11400.0,99,new,8,128,1,1,8908.04
Samsung,phone,39,83700.0,75,excellent,32,256,0,0,56657.9
Vivo,phone,14,16200.0,71,excellent,8,64,1,0,13382.2
Realme,phone,40,30600.0,10,poor,8,128,1,0,16684.33
MSI,laptop,14,79800.0,98,new,64,256,1,0,76923.48
MSI,laptop,30,88900.0,33,fair,32,512,0,0,58933.24
MSI,laptop,40,129300.0,64,good,4,512,1,0,82612.28
Samsung,phone,16,36300.0,82,excellent,4,128,0,0,31754.35
Lenovo,laptop,59,86900.0,5,poor,8,512,0,1,27611.4
Lenovo,laptop,2,65800.0,40,fair,32,1024,0,0,61408.94
Oppo,phone,53,40000.0,31,fair,4,64,1,0,19810.87
MSI,laptop,6,81100.0,88,new,16,1024,1,0,78411.5
OnePlus,phone,21,39400.0,91,new,12,64,1,0,34441.68
HP,laptop,31,60000.0,98,new,4,512,1,0,44981.15
Xiaomi,phone,8,22200.0,75,excellent,8,256,1,0,21741.28
Acer,laptop,37,71800.0,24,poor,64,1024,0,0,39430.99
Xiaomi,phone,49,28700.0,89,new,8,256,0,1,17078.4
Dell,laptop,9,62900.0,88,new,32,1024,1,2,54086.22
Oppo,phone,36,37400.0,32,fair,32,512,1,2,20267.04
Asus,laptop,26,44900.0,17,poor,64,512,1,2,26604.93
Apple,laptop,22,85500.0,8,poor,8,512,1,0,60111.85
Realme,phone,38,20300.0,72,excellent,4,512,0,1,13135.0
Samsung,phone,23,85400.0,71,excellent,4,256,0,0,66252.27
HP,laptop,33,36000.0,66,excellent,32,512,0,0,25379.65
Asus,laptop,12,53200.0,83,excellent,4,1024,0,2,45102.08
Xiaomi,phone,57,8300.0,67,excellent,32,512,1,1,3877.46
Samsung,phone,6,64700.0,44,fair,8,256,1,0,62293.41
Apple,phone,50,133100.0,92,new,6,128,0,1,75446.91
Apple,laptop,6,185200.0,90,new,4,1024,1,0,180594.66
Lenovo,laptop,45,57600.0,97,new,64,256,1,1,37859.44
Asus,laptop,2,58100.0,64,good,32,256,0,0,59676.06
Xiaomi,phone,51,11000.0,78,excellent,32,256,1,1,5959.64
MSI,laptop,28,70500.0,67,excellent,4,512,1,0,53763.83
Lenovo,laptop,28,37100.0,52,good,8,256,1,0,27261.14
Oppo,phone,34,39600.0,19,poor,6,512,0,0,22516.44
Samsung,phone,31,91300.0,26,fair,6,256,0,0,56468.96
Dell,laptop,27,38400.0,24,poor,64,256,1,0,24914.54
HP,laptop,29,30300.0,99,new,16,1024,0,1,22852.53
OnePlus,phone,4,30600.0,99,new,12,64,1,0,32057.04
MSI,laptop,14,100600.0,78,excellent,64,1024,0,0,83235.15
Vivo,phone,12,12000.0,65,good,32,64,0,0,9839.24
HP,laptop,14,96900.0,97,new,8,512,0,0,91336.06
Lenovo,laptop,37,82400.0,98,new,32,256,1,0,59688.46
Samsung,phone,45,76900.0,75,excellent,12,64,1,0,49660.17
Samsung,phone,25,71900.0,90,new,12,64,1,0,57831.39
Samsung,phone,15,96800.0,89,new,12,512,0,2,78698.16
MSI,laptop,31,120900.0,74,excellent,64,512,1,0,89840.53
Asus,laptop,37,48400.0,35,fair,32,1024,1,0,28991.97
HP,laptop,25,84400.0,12,poor,4,1024,1,2,53056.46
Xiaomi,phone,19,28700.0,42,fair,12,64,1,2,20180.42
MSI,laptop,15,180900.0,88,new,4,1024,0,1,153881.75
MSI,laptop,23,186000.0,89,new,4,1024,1,0,147677.32
Acer,laptop,43,83600.0,44,fair,32,1024,1,2,41797.83
HP,laptop,60,60400.0,35,fair,64,512,0,1,22088.84
Asus,laptop,23,47000.0,11,poor,8,512,1,0,31205.83
Asus,laptop,14,121000.0,50,good,4,256,0,2,88012.18
Dell,laptop,16,63900.0,60,good,8,256,1,0,54090.38
Apple,laptop,29,191100.0,49,good,8,512,1,0,136074.35
MSI,laptop,49,160600.0,43,fair,8,512,1,2,72927.75
Apple,phone,27,79400.0,35,fair,12,64,0,0,52236.15
Apple,laptop,34,96600.0,24,poor,32,256,1,0,61701.66
Apple,phone,33,144100.0,55,good,16,256,1,3,86061.84
Apple,laptop,8,170300.0,25,poor,64,512,0,2,131535.45
Samsung,phone,18,80100.0,41,fair,6,64,1,0,63674.58
Asus,laptop,59,126600.0,90,new,64,1024,1,1,65865.96
Dell,laptop,3,58300.0,35,fair,64,256,1,0,55468.07
HP,laptop,49,59700.0,95,new,8,256,0,0,37448.85
HP,laptop,46,72800.0,84,excellent,32,1024,0,2,41722.7
Lenovo,laptop,54,43100.0,55,good,32,1024,0,1,20851.14
Oppo,phone,26,44300.0,54,good,12,64,0,0,31979.1
OnePlus,phone,38,25600.0,78,excellent,16,128,0,0,17881.79
Apple,laptop,41,147200.0,18,poor,8,256,0,0,77422.42
Asus,laptop,17,46400.0,37,fair,16,512,1,0,34207.04
MSI,laptop,37,196500.0,66,excellent,32,512,1,0,137928.34
Apple,phone,32,111400.0,28,fair,4,256,1,0,68420.48
Apple,laptop,30,106500.0,52,good,4,1024,1,0,72694.06
OnePlus,phone,45,70400.0,98,new,32,64,1,0,45138.41
Asus,laptop,43,119000.0,42,fair,4,512,1,0,68741.09
Lenovo,laptop,31,31400.0,56,good,4,512,1,0,22080.17
Xiaomi,phone,30,26400.0,72,excellent,16,128,1,1,18510.3
OnePlus,phone,2,44100.0,90,new,32,512,0,0,43612.38
Oppo,phone,14,27700.0,8,poor,16,256,1,1,20075.45
Vivo,phone,60,12600.0,63,good,32,128,1,1,5442.24
Asus,laptop,6,49600.0,93,new,4,1024,0,0,48043.31
Apple,laptop,28,108800.0,27,fair,32,1024,1,0,74069.36
Xiaomi,phone,17,30800.0,66,excellent,32,512,0,0,26154.94
Acer,laptop,43,69800.0,38,fair,16,1024,0,0,38922.2
OnePlus,phone,48,25100.0,43,fair,16,128,0,0,13389.72
Samsung,phone,2,20200.0,89,new,6,512,1,0,21052.58
Realme,phone,33,25700.0,13,poor,4,256,0,0,14402.32
Apple,laptop,54,119400.0,5,poor,8,256,0,0,45722.02
Realme,phone,7,34200.0,73,excellent,32,256,1,0,32896.78
Apple,phone,7,129100.0,91,new,8,256,0,0,127876.43
Asus,laptop,41,35800.0,63,good,32,256,1,0,22680.79
Samsung,phone,3,39400.0,95,new,16,256,0,0,40721.76
OnePlus,phone,6,52100.0,6,poor,12,512,1,0,42969.89
Acer,laptop,50,43100.0,94,new,8,256,1,2,25111.97
MSI,laptop,22,68800.0,92,new,32,256,0,0,56079.66
Dell,laptop,55,86700.0,29,fair,64,256,1,0,39492.98
OnePlus,phone,2,53100.0,92,new,8,256,1,0,54385.36
HP,laptop,20,92700.0,56,good,4,512,0,0,69925.1
Oppo,phone,18,26600.0,64,good,12,512,0,0,20408.87
Apple,phone,31,75300.0,66,excellent,32,128,1,1,51201.37
Lenovo,laptop,4,34000.0,8,poor,8,512,0,0,27706.36
Apple,laptop,38,139200.0,27,fair,64,256,1,0,85096.04
OnePlus,phone,60,71200.0,47,good,6,128,0,0,31972.09
Lenovo,laptop,44,46300.0,60,good,32,256,1,0,27212.36
Asus,laptop,9,105900.0,27,fair,32,256,1,1,82301.99
Realme,phone,44,29700.0,84,excellent,4,512,1,0,19151.52
Asus,laptop,47,47100.0,84,excellent,4,1024,0,1,27223.85
Vivo,phone,9,33900.0,33,fair,4,512,0,0,28929.88
Realme,phone,3,28000.0,72,excellent,8,128,1,0,27456.77
Samsung,phone,1,86700.0,94,new,4,256,1,1,82814.92
Oppo,phone,15,13800.0,29,fair,32,128,0,1,10410.38
Realme,phone,50,12900.0,43,fair,4,256,0,0,6630.68
Samsung,phone,59,27900.0,94,new,16,256,0,0,15379.25
Acer,laptop,24,87500.0,97,new,4,1024,0,0,74458.6
Dell,laptop,47,108200.0,88,new,32,256,0,0,69049.05
Lenovo,laptop,40,95900.0,66,excellent,16,256,1,0,59956.0
Apple,laptop,43,139800.0,70,excellent,4,1024,0,0,85251.37
Lenovo,laptop,3,88600.0,88,new,16,1024,0,0,90014.57
Apple,laptop,18,136900.0,61,good,8,1024,1,2,102245.04
Samsung,phone,26,49900.0,18,poor,6,64,0,2,28951.88
Apple,phone,51,130100.0,38,fair,12,512,0,0,64147.85
HP,laptop,22,106700.0,11,poor,8,256,1,0,72566.08
Samsung,phone,47,76900.0,87,new,8,64,1,2,45073.69
Vivo,phone,50,38600.0,84,excellent,16,512,0,1,21190.09
Xiaomi,phone,9,25100.0,6,poor,32,64,1,0,20094.55
HP,laptop,53,53600.0,49,good,64,512,0,0,26863.5
OnePlus,phone,50,70200.0,61,good,6,64,1,3,34249.58
Realme,phone,49,28300.0,52,good,16,256,1,0,14927.25
Apple,laptop,14,171300.0,77,excellent,8,1024,0,0,142179.15
Oppo,phone,32,33000.0,56,good,6,256,0,0,22456.38
Dell,laptop,48,38800.0,78,excellent,32,1024,0,0,22695.66
Apple,laptop,36,156700.0,48,good,64,256,0,0,96556.43
MSI,laptop,10,128900.0,83,excellent,32,256,0,1,113710.95
Apple,laptop,23,144500.0,99,new,64,512,0,0,115783.99
Realme,phone,38,26200.0,37,fair,32,64,1,0,16425.57
Apple,phone,40,71500.0,58,good,4,128,0,1,43360.4
Asus,laptop,15,127000.0,69,excellent,64,512,0,0,107884.4
Realme,phone,43,9400.0,86,new,16,64,0,0,6293.97
Xiaomi,phone,54,23000.0,96,new,16,512,0,0,13880.16
MSI,laptop,25,65400.0,6,poor,8,1024,1,0,42747.81
OnePlus,phone,19,72500.0,93,new,8,256,0,3,55667.21
OnePlus,phone,43,37800.0,65,good,8,512,1,1,21582.62
Vivo,phone,44,20100.0,68,excellent,16,256,0,0,11676.71
Lenovo,laptop,31,57700.0,37,fair,4,1024,0,0,38172.35
MSI,laptop,51,193200.0,43,fair,64,1024,0,0,91076.8
Dell,laptop,42,72500.0,96,new,16,256,0,0,46342.56
Asus,laptop,24,73300.0,90,new,16,256,0,0,59902.05
Asus,laptop,23,123100.0,32,fair,16,512,0,0,84945.24
Realme,phone,50,23000.0,68,excellent,32,128,0,1,12029.51
OnePlus,phone,27,56000.0,47,good,32,256,1,0,39059.12
Realme,phone,46,20300.0,97,new,8,512,1,0,13734.82
Dell,laptop,9,48400.0,60,good,16,256,0,0,42188.43
Samsung,phone,47,48100.0,82,excellent,6,64,1,0,30720.54
Apple,laptop,19,180800.0,28,fair,32,512,0,0,133570.44
Apple,phone,42,147200.0,12,poor,6,512,1,0,78175.61
Asus,laptop,47,62700.0,14,poor,8,512,0,0,28463.77
Acer,laptop,14,75000.0,99,new,8,256,0,0,65336.96
OnePlus,phone,29,76000.0,76,excellent,16,256,0,0,56695.33
Asus,laptop,17,67400.0,33,fair,8,1024,0,0,47957.14
Apple,phone,30,103000.0,92,new,32,256,1,0,80090.39
Realme,phone,5,20600.0,27,fair,12,512,0,0,18196.34
Apple,laptop,7,141500.0,17,poor,4,1024,0,0,113527.48
Oppo,phone,13,32400.0,89,new,12,512,1,0,30530.39
Apple,phone,36,112200.0,62,good,32,64,1,0,73389.33
Samsung,phone,45,54200.0,81,excellent,32,256,1,0,34198.1
Asus,laptop,33,67900.0,22,poor,4,512,1,0,42704.32
Xiaomi,phone,33,27400.0,91,new,12,128,0,0,20392.57
Vivo,phone,28,19600.0,69,excellent,16,512,1,0,14077.72
Acer,laptop,50,29400.0,98,new,16,256,1,0,18955.09
Apple,laptop,15,112100.0,97,new,16,256,1,0,102952.74
MSI,laptop,42,198000.0,47,good,64,512,0,0,112246.69
Acer,laptop,37,85100.0,58,good,64,1024,1,0,58466.58
Realme,phone,19,7000.0,69,excellent,6,512,1,1,5427.18
OnePlus,phone,55,64200.0,14,poor,12,64,0,3,19538.24
Samsung,phone,32,56300.0,13,poor,4,256,1,0,32767.9
Dell,laptop,56,110300.0,32,fair,8,512,0,1,45017.07
MSI,laptop,33,117500.0,86,new,8,256,0,1,78563.1
Asus,laptop,19,74100.0,5,poor,64,512,1,0,52588.82
Asus,laptop,27,82500.0,60,good,64,512,0,0,57507.98
Dell,laptop,49,56100.0,88,new,32,1024,0,0,32225.03
MSI,laptop,50,176000.0,68,excellent,8,1024,1,0,105380.73
Dell,laptop,2,52100.0,22,poor,32,512,0,0,46205.69
Vivo,phone,8,33600.0,50,good,16,512,0,1,27671.34
Apple,laptop,58,97800.0,69,excellent,4,256,1,1,48050.87
Dell,laptop,53,74700.0,44,fair,8,1024,1,1,36251.12
Apple,phone,1,149100.0,6,poor,32,512,1,0,138708.01
OnePlus,phone,48,46400.0,62,good,12,512,1,1,25557.27
Apple,laptop,33,141800.0,60,good,32,1024,0,2,86493.91
Apple,laptop,20,110200.0,63,good,4,256,1,0,85245.71
MSI,laptop,2,82100.0,70,excellent,32,256,0,0,84407.48
Vivo,phone,38,20800.0,79,excellent,6,128,1,0,13951.17
Acer,laptop,1,54900.0,10,poor,64,1024,1,2,47676.1
Dell,laptop,55,73500.0,48,good,32,1024,0,0,35858.13
Dell,laptop,2,52000.0,99,new,8,1024,1,1,54308.63
Vivo,phone,9,32700.0,22,poor,4,512,1,0,27384.78
Asus,laptop,33,122100.0,59,good,8,256,0,0,78623.97
Vivo,phone,25,31100.0,26,fair,12,256,1,0,21858.74
Oppo,phone,56,14000.0,83,excellent,4,512,0,1,7051.67
Xiaomi,phone,11,19400.0,56,good,32,128,0,0,15641.81
HP,laptop,24,60900.0,64,good,64,512,0,0,47151.96
Asus,laptop,42,66100.0,97,new,32,1024,1,1,43972.18
Xiaomi,phone,24,21600.0,92,new,32,64,1,2,16145.06
MSI,laptop,37,126700.0,86,new,16,256,0,3,73638.45
Xiaomi,phone,16,28000.0,44,fair,12,64,0,1,21856.21
Xiaomi,phone,7,17400.0,18,poor,32,512,0,1,13444.87
Dell,laptop,34,77100.0,90,new,4,512,0,0,57380.2
Oppo,phone,47,42300.0,33,fair,8,128,0,0,20678.84
Dell,laptop,28,73800.0,99,new,8,256,0,0,56763.23
Dell,laptop,7,71500.0,73,excellent,4,512,0,0,69613.46
MSI,laptop,54,119700.0,26,fair,4,1024,0,0,51821.56
MSI,laptop,24,60800.0,7,poor,32,512,0,0,40259.87
Apple,phone,55,101600.0,92,new,12,128,0,2,49772.95
OnePlus,phone,40,67900.0,96,new,12,256,1,0,45931.62
Xiaomi,phone,8,24700.0,63,good,32,64,1,0,23857.44
Apple,laptop,33,193100.0,56,good,64,512,0,1,121740.45
Asus,laptop,20,79300.0,11,poor,8,256,1,0,57684.83
Asus,laptop,49,46000.0,51,good,4,256,1,0,24758.09
OnePlus,phone,25,38800.0,11,poor,16,64,1,0,24709.11
Lenovo,laptop,54,69400.0,54,good,4,1024,0,0,35414.57
Realme,phone,11,8100.0,6,poor,16,256,0,0,6278.66
HP,laptop,39,103700.0,5,poor,4,1024,1,1,50488.52
MSI,laptop,14,130600.0,86,new,4,1024,1,0,111567.38
MSI,laptop,30,60600.0,55,good,8,1024,1,0,43252.03
Samsung,phone,7,86500.0,65,good,8,256,0,2,74243.58
Apple,laptop,6,112800.0,99,new,4,256,1,1,113030.74
OnePlus,phone,41,35800.0,22,poor,12,64,0,1,17847.31
Oppo,phone,1,24900.0,38,fair,4,128,0,0,23437.06
MSI,laptop,37,124700.0,23,poor,32,512,1,0,73146.57
Acer,laptop,59,52000.0,25,poor,16,512,1,3,17365.92
Apple,phone,42,123600.0,80,excellent,4,512,0,0,78410.95
Xiaomi,phone,34,10100.0,99,new,32,256,0,0,7624.46
Xiaomi,phone,27,21100.0,40,fair,32,64,0,0,14766.18
Asus,laptop,60,68400.0,54,good,8,256,1,0,30879.15
MSI,laptop,18,112700.0,71,excellent,4,512,1,0,96212.56
Apple,laptop,38,146700.0,24,poor,16,512,0,0,79704.61
Lenovo,laptop,19,77600.0,28,fair,16,256,1,2,50924.01
Samsung,phone,51,79400.0,93,new,12,64,0,0,46125.98
OnePlus,phone,52,71600.0,19,poor,4,512,0,1,29890.8
Vivo,phone,39,31800.0,28,fair,32,256,1,0,19319.12
Realme,phone,48,34500.0,88,new,16,256,0,0,21731.1
Vivo,phone,2,15900.0,65,good,4,64,0,2,15150.91
Xiaomi,phone,45,8800.0,55,good,6,256,0,0,5165.79
Realme,phone,10,22700.0,81,excellent,32,64,0,2,20082.04
HP,laptop,54,55800.0,15,poor,64,512,0,1,21608.94
MSI,laptop,42,86100.0,19,poor,32,1024,1,0,45401.89
Apple,laptop,46,97300.0,88,new,32,512,1,0,61307.05
Xiaomi,phone,34,12000.0,13,poor,32,256,1,0,7128.27
Asus,laptop,48,104400.0,13,poor,16,512,0,0,45764.77
HP,laptop,50,73800.0,20,poor,16,256,1,0,33396.51
Acer,laptop,13,82100.0,49,good,16,1024,1,0,68172.61
Xiaomi,phone,27,36400.0,39,fair,32,64,1,0,24463.17
Lenovo,laptop,59,79900.0,60,good,32,512,0,0,35615.59
Lenovo,laptop,39,88500.0,17,poor,8,512,0,1,42940.64
HP,laptop,34,40900.0,24,poor,8,256,0,0,24215.96
Vivo,phone,24,22000.0,99,new,4,128,1,0,18185.53
Apple,laptop,60,109700.0,47,good,32,512,1,0,50027.51
Oppo,phone,13,10100.0,55,good,8,256,1,0,8084.56
Asus,laptop,30,95200.0,8,poor,4,512,0,0,53620.94
Acer,laptop,9,44200.0,18,poor,32,512,0,1,35558.58
Vivo,phone,16,21300.0,70,excellent,16,64,0,2,17105.76
Lenovo,laptop,52,52700.0,59,good,4,512,0,1,26847.14
Xiaomi,phone,45,17000.0,26,fair,4,256,0,0,8252.06
Dell,laptop,25,43100.0,35,fair,16,256,0,2,27182.29
Lenovo,laptop,3,41000.0,85,excellent,8,1024,1,0,39591.39
Acer,laptop,49,29400.0,45,fair,8,256,1,1,15390.12
Apple,phone,36,90100.0,71,excellent,8,64,0,0,57563.6
Lenovo,laptop,41,93800.0,30,fair,8,256,0,0,49360.7
Oppo,phone,60,22100.0,60,good,8,64,1,1,10214.7
Asus,laptop,21,38600.0,73,excellent,32,256,1,1,29740.11
Dell,laptop,9,85000.0,44,fair,4,256,0,3,61833.67
Apple,phone,16,129900.0,95,new,4,512,0,1,105871.27
Samsung,phone,47,50100.0,29,fair,8,256,0,1,23583.82
Samsung,phone,16,33200.0,20,poor,8,512,1,0,24396.8
MSI,laptop,59,122700.0,35,fair,4,1024,1,0,51071.09
MSI,laptop,18,92100.0,45,fair,4,256,1,0,70779.3
HP,laptop,5,89300.0,65,good,4,1024,1,2,80820.99
Acer,laptop,19,38900.0,62,good,16,256,0,0,31090.47
Samsung,phone,58,42700.0,62,good,4,128,1,1,19644.54
Samsung,phone,19,55700.0,72,excellent,32,256,0,1,44158.77
Apple,laptop,12,108500.0,56,good,4,1024,0,0,93301.77
Samsung,phone,19,31900.0,52,good,8,256,1,0,24306.4
OnePlus,phone,14,42700.0,14,poor,16,512,1,0,31699.88
Samsung,phone,14,44200.0,58,good,32,512,0,2,33382.61
Apple,phone,10,86700.0,97,new,6,256,0,2,78114.75
Acer,laptop,29,44800.0,50,good,64,512,0,0,30468.12
HP,laptop,48,102800.0,75,excellent,32,512,1,0,62615.23
HP,laptop,30,30300.0,73,excellent,64,256,0,1,21588.92
Xiaomi,phone,12,15300.0,16,poor,32,512,1,0,11707.63
MSI,laptop,53,160100.0,91,new,4,256,0,0,89420.97
Xiaomi,phone,19,23100.0,64,good,4,512,1,0,19676.34
OnePlus,phone,33,58600.0,28,fair,16,64,0,0,35292.13
HP,laptop,12,67900.0,71,excellent,32,512,0,0,58067.74
HP,laptop,32,84500.0,57,good,16,512,1,0,56989.5
Lenovo,laptop,60,36400.0,57,good,4,1024,1,0,16815.13
Lenovo,laptop,41,67400.0,94,new,64,512,1,1,43351.7
Apple,phone,34,95900.0,87,new,16,256,1,2,62590.59
Dell,laptop,2,66000.0,42,fair,8,1024,1,2,59430.71
MSI,laptop,41,95300.0,47,good,8,512,1,0,57681.96
Apple,phone,54,141000.0,54,good,12,64,1,0,70764.26
Xiaomi,phone,27,30600.0,70,excellent,4,128,0,0,21700.42
OnePlus,phone,53,38800.0,67,excellent,32,64,0,0,20769.68
Xiaomi,phone,55,28200.0,26,fair,8,64,1,1,12267.76
Vivo,phone,50,22200.0,98,new,6,128,0,0,13500.83
OnePlus,phone,24,39100.0,92,new,12,128,0,0,31827.44
Vivo,phone,13,26800.0,5,poor,16,64,1,0,20679.84
Apple,phone,1,114500.0,80,excellent,8,512,1,0,108918.92
Apple,phone,30,74000.0,65,good,16,256,0,0,53726.3
Xiaomi,phone,54,28100.0,57,good,4,64,1,3,11676.04
Dell,laptop,38,87700.0,69,excellent,4,1024,0,0,54479.69
Asus,laptop,22,112800.0,25,poor,32,512,1,2,69902.21
Vivo,phone,24,26200.0,31,fair,8,128,1,0,19416.24
Xiaomi,phone,25,28000.0,91,new,16,512,1,0,23194.53
Xiaomi,phone,27,12600.0,51,good,12,512,1,2,8187.94
Oppo,phone,43,34300.0,70,excellent,6,64,0,0,20184.87
Xiaomi,phone,10,23200.0,93,new,8,128,1,0,21204.39
Asus,laptop,23,75600.0,33,fair,4,512,1,0,53759.92
Realme,phone,7,28400.0,44,fair,8,512,1,0,26655.39
Lenovo,laptop,4,79400.0,87,new,64,512,0,1,74800.36
Lenovo,laptop,47,84100.0,65,good,8,1024,1,2,44543.99
Vivo,phone,49,37800.0,69,excellent,8,256,0,1,20553.33
Asus,laptop,33,48400.0,5,poor,16,1024,0,0,26448.54
OnePlus,phone,21,61300.0,61,good,4,256,1,0,49090.36
Realme,phone,51,10600.0,91,new,8,64,1,1,6153.76
MSI,laptop,34,74300.0,100,new,4,256,0,1,54136.77
Vivo,phone,8,25400.0,64,good,4,512,0,0,22956.64
Xiaomi,phone,48,16500.0,58,good,8,256,1,0,9474.31
Samsung,phone,36,44100.0,62,good,16,256,1,0,29475.57
Samsung,phone,37,58800.0,51,good,4,64,1,1,34232.25
Oppo,phone,14,31400.0,36,fair,4,64,0,1,23315.19
MSI,laptop,24,142100.0,51,good,8,1024,0,0,105511.39
Vivo,phone,8,18700.0,93,new,4,256,0,0,17183.29
Oppo,phone,12,24000.0,37,fair,6,256,1,0,18671.97
Oppo,phone,18,13900.0,37,fair,32,256,0,0,10579.74
Acer,laptop,54,26300.0,6,poor,16,512,0,0,10302.36
Dell,laptop,53,117800.0,20,poor,8,512,1,0,53224.96
MSI,laptop,47,140200.0,65,good,32,256,1,0,86827.91
Xiaomi,phone,33,22400.0,54,good,12,64,1,0,15555.78
Oppo,phone,22,33700.0,87,new,6,64,1,0,29006.34
Acer,laptop,24,28800.0,52,good,8,512,0,0,20329.37
Lenovo,laptop,13,83900.0,28,fair,16,512,1,0,66897.39
Xiaomi,phone,54,37200.0,87,new,32,512,1,0,21079.19
Dell,laptop,38,68400.0,46,good,4,512,0,0,41873.75
Samsung,phone,18,48600.0,73,excellent,6,512,1,3,35393.48
Realme,phone,16,16700.0,70,excellent,32,128,0,0,14425.18
Dell,laptop,42,79500.0,12,poor,32,512,1,0,43616.17
Samsung,phone,5,67700.0,24,poor,12,128,0,0,61014.38
MSI,laptop,19,114500.0,67,excellent,32,1024,0,0,90688.19
Dell,laptop,18,111800.0,99,new,4,256,1,0,99439.78
Asus,laptop,2,98300.0,28,fair,16,512,0,0,94360.21
MSI,laptop,18,88200.0,10,poor,64,512,1,0,61816.52
Vivo,phone,46,29700.0,49,good,12,64,0,1,15033.14
Vivo,phone,53,17900.0,70,excellent,8,512,0,0,9982.71
Acer,laptop,36,36600.0,88,new,8,256,1,1,25317.66
OnePlus,phone,16,47400.0,11,poor,8,128,1,0,35445.51
HP,laptop,6,54700.0,40,fair,64,512,1,0,48949.2
Xiaomi,phone,54,10100.0,70,excellent,4,256,1,1,5039.95
Oppo,phone,37,25100.0,26,fair,16,512,1,0,15235.28
Oppo,phone,34,20200.0,34,fair,12,128,0,0,11831.52
Apple,phone,57,84900.0,67,excellent,4,512,1,0,45070.27
MSI,laptop,47,115900.0,97,new,16,256,1,0,77090.67
Samsung,phone,37,81200.0,81,excellent,4,64,1,3,50045.64
Realme,phone,50,27400.0,26,fair,16,64,1,0,13735.28
Apple,laptop,24,192800.0,20,poor,32,512,1,0,125623.4
Xiaomi,phone,51,39600.0,44,fair,4,64,0,0,18951.72
Oppo,phone,30,18300.0,60,good,4,128,0,0,13049.4
Asus,laptop,57,92000.0,73,excellent,8,256,0,0,46641.4
Vivo,phone,39,17000.0,88,new,16,64,0,1,11401.84
Lenovo,laptop,53,74800.0,97,new,16,256,1,0,43838.2
Lenovo,laptop,37,94900.0,85,excellent,32,512,0,0,63256.36
Asus,laptop,5,100100.0,30,fair,16,1024,1,1,86743.44
Apple,laptop,23,161000.0,92,new,8,256,0,0,136359.81
Xiaomi,phone,49,11000.0,69,excellent,8,128,1,1,6114.47
Asus,laptop,57,115800.0,8,poor,32,256,0,0,44882.88
Vivo,phone,54,31500.0,96,new,6,512,0,0,18044.72
Dell,laptop,28,76600.0,45,fair,8,256,1,0,53375.35
Dell,laptop,23,91700.0,8,poor,8,256,1,0,62803.2
Dell,laptop,44,80000.0,82,excellent,4,1024,0,0,48306.86
Samsung,phone,31,86000.0,79,excellent,12,256,0,0,62131.72
HP,laptop,45,44800.0,40,fair,16,1024,0,1,22890.75
Apple,phone,28,137400.0,56,good,4,256,0,0,97694.79
OnePlus,phone,21,70100.0,56,good,8,512,1,1,52517.55
Oppo,phone,22,20500.0,86,new,16,256,1,0,16333.03
Vivo,phone,59,26400.0,22,poor,8,256,1,0,10415.28
Lenovo,laptop,36,84000.0,46,good,4,512,1,1,49804.26
Asus,laptop,45,119700.0,95,new,32,1024,1,1,77537.14
Acer,laptop,34,25900.0,16,poor,64,1024,0,0,14710.29
Apple,phone,54,68100.0,100,new,8,64,1,0,41809.31
Lenovo,laptop,48,82000.0,16,poor,64,256,1,0,38072.12
Acer,laptop,14,41100.0,50,good,8,256,0,1,30401.3
Apple,laptop,55,164800.0,94,new,64,256,1,0,100249.98
Realme,phone,55,22700.0,99,new,32,512,0,1,12090.65
HP,laptop,16,108900.0,39,fair,32,512,0,1,77804.51
Oppo,phone,4,36700.0,98,new,4,128,1,0,37203.18
MSI,laptop,17,80100.0,91,new,16,512,1,1,68230.21
Apple,phone,31,93600.0,9,poor,8,128,1,0,56546.02
Oppo,phone,31,36800.0,80,excellent,32,128,0,0,25719.58
HP,laptop,47,41400.0,97,new,16,512,0,2,23520.67
Apple,phone,44,67900.0,87,new,12,64,0,0,43112.99
Vivo,phone,13,29900.0,80,excellent,6,512,1,0,25421.88
HP,laptop,31,56600.0,92,new,4,1024,1,1,43380.44
Asus,laptop,24,63700.0,12,poor,16,512,1,1,41604.31
Oppo,phone,21,38400.0,59,good,12,64,0,1,26926.28
HP,laptop,22,80400.0,17,poor,64,256,1,0,54686.92
Xiaomi,phone,18,37300.0,15,poor,32,128,0,0,26051.24
Realme,phone,26,32000.0,86,new,6,512,0,0,24289.66
Vivo,phone,29,28800.0,5,poor,4,64,1,1,16363.53
Asus,laptop,40,108100.0,58,good,32,256,1,0,71087.56
Xiaomi,phone,28,17700.0,99,new,16,128,0,0,13860.49
Vivo,phone,1,8500.0,68,excellent,16,512,0,1,8574.6
OnePlus,phone,26,70900.0,93,new,8,128,1,0,55292.81
OnePlus,phone,40,45000.0,69,excellent,12,64,0,2,26541.42
Acer,laptop,9,76200.0,76,excellent,8,1024,0,1,69391.75
Dell,laptop,28,65300.0,65,good,64,256,0,1,46709.86
OnePlus,phone,59,72000.0,70,excellent,12,256,1,0,35165.59
Vivo,phone,53,32400.0,7,poor,8,64,1,1,13059.15
Acer,laptop,23,86300.0,65,good,4,256,1,0,67425.89
Asus,laptop,30,97600.0,84,excellent,8,512,1,1,68581.73
Apple,laptop,60,168900.0,86,new,64,256,1,1,82300.81
Lenovo,laptop,4,68300.0,97,new,8,1024,1,1,71519.52
Asus,laptop,2,63800.0,38,fair,8,1024,1,0,60933.81
Apple,phone,1,103900.0,94,new,16,256,1,2,103672.0
Oppo,phone,17,26600.0,100,new,16,128,0,0,22683.46
Acer,laptop,14,75700.0,40,fair,4,1024,0,1,57249.91
Apple,phone,12,52400.0,29,fair,12,256,1,0,43759.76
Lenovo,laptop,32,50400.0,38,fair,4,512,0,0,30643.34
Acer,laptop,51,61700.0,96,new,8,512,0,0,38798.37
Asus,laptop,24,85200.0,27,fair,32,512,1,0,58792.56
Xiaomi,phone,41,23700.0,42,fair,4,128,0,3,11343.33
Apple,laptop,27,200000.0,70,excellent,16,1024,0,1,139620.63
Realme,phone,5,10800.0,73,excellent,8,128,0,2,10026.32
Samsung,phone,29,55600.0,73,excellent,6,512,1,0,41874.7
Asus,laptop,19,117200.0,26,fair,64,256,1,1,84030.58
Asus,laptop,35,92300.0,39,fair,32,1024,1,1,56640.8
MSI,laptop,59,100900.0,6,poor,16,512,0,0,37513.07
Acer,laptop,12,35700.0,87,new,64,256,0,0,31562.14
Lenovo,laptop,20,56100.0,43,fair,32,256,1,0,42984.63
HP,laptop,5,81800.0,100,new,32,512,1,0,85883.89
Samsung,phone,33,21800.0,11,poor,6,512,1,0,13290.61
HP,laptop,6,86800.0,68,excellent,16,1024,1,0,87881.99
HP,laptop,49,91200.0,76,excellent,32,512,0,0,54476.76
Lenovo,laptop,22,64800.0,56,good,4,512,1,0,48844.46
Lenovo,laptop,2,97500.0,22,poor,4,1024,1,0,86677.79
Apple,phone,50,95000.0,65,good,4,256,1,0,56047.0
OnePlus,phone,17,39400.0,20,poor,6,128,0,1,27526.08
MSI,laptop,49,134200.0,69,excellent,8,1024,1,0,78951.82
MSI,laptop,51,75800.0,8,poor,64,256,0,0,30706.76
Lenovo,laptop,30,33200.0,31,fair,16,256,1,0,22062.25
Realme,phone,21,16200.0,7,poor,12,128,1,0,11207.35
Apple,laptop,10,141700.0,54,good,64,512,1,1,119343.23
Realme,phone,34,30400.0,91,new,12,512,1,1,20995.87
Apple,phone,20,130400.0,82,excellent,12,64,0,0,103979.49
Samsung,phone,43,96300.0,35,fair,8,512,1,1,51272.59
Lenovo,laptop,30,43400.0,48,good,32,256,0,1,28615.46
Xiaomi,phone,53,32700.0,7,poor,32,512,0,1,12151.39
Samsung,phone,54,91100.0,35,fair,12,64,1,0,43180.41
Apple,laptop,6,166400.0,42,fair,8,512,0,0,154448.71
HP,laptop,7,108300.0,72,excellent,64,256,0,0,102446.61
Xiaomi,phone,50,30100.0,27,fair,32,256,0,1,12689.82
MSI,laptop,8,81100.0,32,fair,8,512,0,0,70953.36
Xiaomi,phone,47,18700.0,54,good,16,128,1,0,10730.03
Realme,phone,15,13700.0,76,excellent,32,512,0,0,11049.52
OnePlus,phone,26,43800.0,30,fair,32,64,1,0,29750.19
Apple,laptop,24,187900.0,34,fair,16,512,0,0,132962.94
Xiaomi,phone,2,15600.0,92,new,32,64,0,0,16102.75
Apple,laptop,2,138700.0,69,excellent,8,256,1,0,131950.95
OnePlus,phone,21,62700.0,12,poor,16,256,1,3,38739.98
MSI,laptop,44,166000.0,64,good,8,512,1,0,98065.1
Acer,laptop,8,65900.0,5,poor,16,256,0,0,52688.66
Apple,laptop,58,130800.0,21,poor,8,512,0,0,51601.92
Acer,laptop,29,32100.0,71,excellent,4,512,1,0,23611.29
Apple,laptop,13,150500.0,87,new,16,512,1,0,139765.17
Oppo,phone,24,36400.0,74,excellent,8,64,0,0,28825.54
Acer,laptop,11,75800.0,58,good,16,1024,1,0,66162.68
Xiaomi,phone,42,37900.0,77,excellent,32,512,0,0,25103.5
Apple,phone,33,129000.0,43,fair,16,512,0,0,81316.43
Lenovo,laptop,45,48500.0,51,good,16,256,1,0,29017.53
MSI,laptop,7,83100.0,16,poor,8,1024,0,1,63262.59
OnePlus,phone,9,28800.0,95,new,32,128,1,0,26816.03
HP,laptop,56,46300.0,73,excellent,32,256,1,0,23551.93
Apple,laptop,34,139600.0,14,poor,16,1024,0,1,78757.56
Apple,phone,57,91100.0,100,new,32,64,0,1,50487.76
MSI,laptop,41,167600.0,30,fair,4,1024,1,0,94457.02
Realme,phone,25,25500.0,36,fair,4,64,1,1,16535.61
Apple,laptop,51,170800.0,46,good,8,1024,1,0,88069.6
Oppo,phone,25,19500.0,83,excellent,12,256,0,0,15657.8
Lenovo,laptop,2,34700.0,90,new,64,1024,1,1,35080.06
HP,laptop,16,94600.0,98,new,4,512,1,0,84004.62
Asus,laptop,51,40700.0,50,good,16,256,1,3,16996.74
Xiaomi,phone,10,10800.0,22,poor,6,256,0,0,8675.93
Oppo,phone,31,11800.0,13,poor,12,128,1,0,7163.92
Vivo,phone,22,17700.0,52,good,32,256,0,0,12835.87
Dell,laptop,17,73100.0,44,fair,16,512,1,0,59147.35
Apple,phone,6,105400.0,65,good,8,64,1,0,98325.17
Oppo,phone,43,42400.0,37,fair,12,256,1,0,24937.87
Asus,laptop,55,38900.0,35,fair,32,1024,1,1,16497.49
OnePlus,phone,4,54300.0,29,fair,12,64,1,0,51062.54
Asus,laptop,56,121300.0,87,new,8,1024,0,0,67439.8
MSI,laptop,32,66500.0,72,excellent,8,256,1,0,49353.78
Realme,phone,5,7100.0,81,excellent,8,128,0,0,6852.48
Asus,laptop,27,40100.0,15,poor,8,512,0,0,24854.15
Asus,laptop,59,69200.0,48,good,64,1024,1,0,32275.28
Vivo,phone,14,24700.0,81,excellent,12,128,0,0,21166.49
Xiaomi,phone,21,13300.0,73,excellent,8,256,1,0,10949.87
Asus,laptop,42,51500.0,75,excellent,8,512,1,1,32503.31
Lenovo,laptop,22,77100.0,28,fair,32,256,0,0,53778.61
Samsung,phone,38,55300.0,90,new,8,128,0,0,40029.27
Apple,laptop,10,82000.0,44,fair,16,512,1,0,67114.4
MSI,laptop,53,185600.0,90,new,4,512,1,1,103496.16
Asus,laptop,27,101200.0,11,poor,8,256,0,1,59796.77
MSI,laptop,33,77900.0,30,fair,32,1024,1,1,44845.81
Asus,laptop,11,97800.0,19,poor,4,512,0,0,72939.03
Asus,laptop,11,56900.0,96,new,32,256,1,0,52707.73
OnePlus,phone,37,54700.0,28,fair,6,64,1,0,31849.63
Xiaomi,phone,19,11700.0,90,new,32,64,1,0,10166.54
Vivo,phone,35,8100.0,24,poor,8,128,0,0,4667.95
Acer,laptop,55,82300.0,91,new,16,1024,0,0,47694.79
HP,laptop,51,95000.0,35,fair,64,256,0,1,42646.16
OnePlus,phone,3,75200.0,50,good,6,64,0,0,69948.85
Apple,laptop,24,179000.0,8,poor,4,512,0,1,112795.43
OnePlus,phone,54,25100.0,23,poor,6,64,1,0,11563.54
Dell,laptop,48,106400.0,72,excellent,8,512,0,0,61794.8
Dell,laptop,37,103800.0,83,excellent,8,256,0,0,71824.77
Realme,phone,2,20200.0,51,good,12,128,0,1,19809.89
Realme,phone,47,26500.0,63,good,32,256,0,1,13645.42
Acer,laptop,1,38400.0,82,excellent,4,256,0,2,38909.61
MSI,laptop,35,86800.0,79,excellent,16,256,0,0,62607.68
Lenovo,laptop,28,72700.0,38,fair,32,512,1,3,41486.1
Xiaomi,phone,42,10800.0,84,excellent,16,64,1,0,7506.67
Lenovo,laptop,24,58000.0,22,poor,4,256,1,0,41594.71
OnePlus,phone,9,72500.0,36,fair,6,128,1,0,61052.66
Dell,laptop,14,73800.0,91,new,8,1024,0,0,67303.72
Dell,laptop,1,53500.0,64,good,4,256,0,2,50308.55
Xiaomi,phone,7,32800.0,28,fair,8,512,0,0,29127.55
Realme,phone,22,17800.0,12,poor,8,128,0,2,10354.14
Acer,laptop,50,47300.0,75,excellent,32,1024,1,0,28366.15
Lenovo,laptop,31,62400.0,92,new,16,512,1,0,50469.23
Vivo,phone,56,11900.0,63,good,16,256,0,1,5357.33
Samsung,phone,21,22800.0,90,new,4,128,1,0,18833.4
Realme,phone,15,10600.0,60,good,12,256,1,0,8506.58
Apple,phone,24,105300.0,54,good,8,64,1,0,77828.5
Xiaomi,phone,19,26200.0,88,new,6,128,1,0,23136.81
Vivo,phone,40,17500.0,16,poor,4,64,0,0,9695.05
Realme,phone,58,20700.0,10,poor,16,64,0,1,6973.81
Acer,laptop,18,51300.0,60,good,4,1024,0,2,37901.59
Lenovo,laptop,13,79000.0,86,new,32,256,0,2,66863.52
Oppo,phone,47,14400.0,90,new,8,256,0,0,8900.34
Oppo,phone,35,44500.0,30,fair,32,256,0,0,26872.19
Apple,laptop,20,147600.0,57,good,16,1024,1,1,114694.48
MSI,laptop,5,157600.0,95,new,8,512,0,0,165267.3
Dell,laptop,26,51200.0,36,fair,4,512,1,0,35857.5
Asus,laptop,58,65200.0,97,new,16,512,0,0,34098.36
OnePlus,phone,7,66900.0,61,good,32,64,1,3,54540.56
Apple,laptop,59,187900.0,85,excellent,8,1024,0,1,88702.39
Lenovo,laptop,55,38600.0,60,good,64,1024,1,2,18229.79
Samsung,phone,50,96300.0,77,excellent,12,64,0,1,53836.31
Acer,laptop,25,31400.0,48,good,64,256,0,1,21055.54
Samsung,phone,32,97400.0,19,poor,6,256,1,0,58641.13
MSI,laptop,47,76800.0,96,new,16,512,0,0,49702.05
HP,laptop,47,79300.0,21,poor,32,512,0,0,36339.33
Oppo,phone,21,35100.0,23,poor,6,128,1,0,24524.73
Realme,phone,57,11500.0,60,good,8,128,1,1,5277.6
Realme,phone,19,16100.0,17,poor,6,64,0,0,11648.67
Realme,phone,14,26300.0,97,new,32,128,1,0,24833.34
OnePlus,phone,4,39100.0,5,poor,4,64,1,0,35010.46
Samsung,phone,11,48100.0,41,fair,4,64,0,2,36492.43
Apple,laptop,60,127500.0,34,fair,16,1024,1,0,55196.24
Apple,phone,55,105700.0,45,fair,8,64,1,0,50721.26
OnePlus,phone,42,28400.0,94,new,32,128,0,3,15838.18
Acer,laptop,57,68800.0,61,good,32,512,1,0,35427.86
Apple,phone,47,72000.0,40,fair,4,64,0,2,34453.87
Realme,phone,26,24500.0,80,excellent,4,256,0,1,17353.28
MSI,laptop,37,88400.0,12,poor,16,512,0,0,49888.95
Realme,phone,49,34500.0,25,poor,8,256,1,2,15535.1
HP,laptop,47,75800.0,17,poor,64,256,0,0,35450.4
Apple,phone,8,99600.0,27,fair,8,256,0,0,82588.83
Vivo,phone,1,24400.0,47,good,16,256,1,0,24623.91
MSI,laptop,7,177800.0,77,excellent,32,512,0,2,153230.21
Samsung,phone,7,55000.0,50,good,32,64,1,1,47762.57
Dell,laptop,8,39900.0,35,fair,8,1024,0,1,32482.0
Samsung,phone,20,97200.0,45,fair,32,512,0,0,72343.91
MSI,laptop,10,91400.0,28,fair,64,256,0,0,75625.81
Xiaomi,phone,45,21500.0,81,excellent,8,256,1,0,13578.88
Asus,laptop,35,89800.0,54,good,4,1024,0,3,47385.84
Realme,phone,6,9800.0,56,good,16,256,1,1,9168.64
Dell,laptop,33,105700.0,55,good,8,512,1,1,71270.1
HP,laptop,27,81100.0,21,poor,32,512,1,0,51411.67
Vivo,phone,30,39700.0,98,new,16,512,0,0,30592.38
Lenovo,laptop,10,41900.0,82,excellent,4,512,1,1,38409.86
Xiaomi,phone,25,36900.0,13,poor,32,256,0,0,24776.07
MSI,laptop,8,183200.0,85,excellent,32,1024,1,0,181311.07
Oppo,phone,14,31900.0,62,good,32,512,1,0,27726.5
Acer,laptop,54,39800.0,27,fair,32,512,0,0,18252.06
Apple,phone,31,98300.0,64,good,8,256,1,0,70024.97
Vivo,phone,34,28400.0,23,poor,6,64,1,0,18000.89
OnePlus,phone,50,34100.0,14,poor,16,64,0,1,13892.39
Vivo,phone,28,39400.0,16,poor,4,256,1,0,25024.47
Vivo,phone,34,16800.0,27,fair,6,512,0,1,9399.46
Acer,laptop,7,56900.0,89,new,8,512,0,0,57046.43
Realme,phone,29,11800.0,100,new,32,64,1,0,9751.04
Lenovo,laptop,39,82600.0,81,excellent,8,256,1,0,54948.72
Acer,laptop,8,34000.0,79,excellent,32,256,1,0,32342.11
Apple,laptop,20,194900.0,9,poor,8,512,1,0,132961.7
Apple,phone,13,101700.0,77,excellent,12,512,1,0,87079.0
Vivo,phone,6,17300.0,36,fair,12,512,1,0,15685.61
MSI,laptop,39,124500.0,6,poor,32,256,1,0,66065.61
MSI,laptop,7,134700.0,18,poor,64,512,1,1,109478.05
Vivo,phone,40,8700.0,96,new,12,256,0,0,5750.98
Vivo,phone,17,8500.0,85,excellent,6,256,1,1,6906.29
Asus,laptop,59,122100.0,79,excellent,64,256,0,1,55455.52
Dell,laptop,57,85200.0,76,excellent,16,512,0,0,43188.17
Samsung,phone,11,40300.0,88,new,6,64,0,2,34541.96
Xiaomi,phone,42,39700.0,18,poor,8,64,1,3,17615.43
HP,laptop,50,80000.0,67,excellent,64,256,1,0,46644.93
Asus,laptop,45,86200.0,96,new,8,512,1,2,50875.49
Lenovo,laptop,52,61400.0,99,new,8,256,1,0,38100.63
HP,laptop,16,55400.0,37,fair,16,512,0,0,42320.2
Apple,phone,33,83900.0,46,good,8,64,1,0,57822.29
Apple,phone,52,58000.0,78,excellent,12,128,0,0,33724.87
Dell,laptop,19,37100.0,14,poor,8,256,1,0,25368.17
Apple,laptop,27,169700.0,70,excellent,4,256,0,0,128809.52
Dell,laptop,43,94300.0,61,good,8,512,1,0,57575.58
Xiaomi,phone,51,8900.0,33,fair,12,256,1,0,4491.06
Oppo,phone,27,19400.0,91,new,12,512,0,0,15155.66
Samsung,phone,41,64800.0,7,poor,4,64,1,0,34450.09
Lenovo,laptop,15,65700.0,64,good,32,1024,0,0,53377.23
Asus,laptop,34,43400.0,21,poor,32,256,1,0,27406.4
Xiaomi,phone,57,24000.0,40,fair,4,128,0,0,10754.84
Apple,phone,21,88600.0,63,good,32,512,1,0,72622.51
Samsung,phone,29,62600.0,26,fair,12,64,0,0,40483.46
Oppo,phone,30,33500.0,53,good,4,512,1,0,23307.71
HP,laptop,59,100500.0,99,new,64,256,1,3,46871.7
OnePlus,phone,50,31700.0,58,good,32,64,1,0,17985.87
Asus,laptop,38,49500.0,43,fair,8,256,1,2,28549.69
Lenovo,laptop,48,74800.0,88,new,32,1024,0,1,43840.77
Samsung,phone,28,44700.0,25,poor,16,128,1,1,28481.67
Samsung,phone,9,80800.0,90,new,32,256,0,0,74031.58
Apple,phone,48,58700.0,26,fair,6,128,0,0,27814.94
MSI,laptop,48,149300.0,9,poor,8,512,1,1,64483.45
Samsung,phone,54,84300.0,26,fair,4,256,0,0,36398.37
Dell,laptop,42,118600.0,42,fair,4,1024,0,2,58169.49
Acer,laptop,26,86200.0,81,excellent,16,256,1,2,63367.84
OnePlus,phone,59,39100.0,10,poor,12,64,1,0,15554.88
Samsung,phone,29,61400.0,60,good,16,64,1,0,46645.87
Samsung,phone,43,30600.0,73,excellent,6,256,0,0,18453.8
Oppo,phone,15,14000.0,16,poor,6,128,0,0,10229.77
Dell,laptop,47,72700.0,20,poor,32,256,0,1,34146.72
Lenovo,laptop,33,78400.0,33,fair,64,512,0,3,41530.64
Samsung,phone,30,68100.0,69,excellent,6,256,0,1,45625.54
HP,laptop,47,49100.0,92,new,64,1024,1,0,31553.23
Xiaomi,phone,3,35700.0,18,poor,6,128,1,0,33061.14
Lenovo,laptop,43,52800.0,53,good,16,256,1,0,31892.76
Samsung,phone,22,84900.0,24,poor,6,256,1,0,57568.02
MSI,laptop,1,110700.0,46,good,64,1024,1,0,114805.43
Apple,laptop,17,86700.0,85,excellent,16,1024,0,0,71200.1
Realme,phone,19,22100.0,49,good,12,64,1,0,17059.6
MSI,laptop,33,139200.0,65,good,4,512,0,1,94309.78
Oppo,phone,38,35300.0,91,new,16,256,1,1,23285.95
Apple,phone,15,61500.0,34,fair,12,64,0,3,39885.02
MSI,laptop,20,148200.0,74,excellent,32,512,0,0,118156.15
HP,laptop,3,85700.0,29,fair,4,1024,0,0,77997.7
Acer,laptop,48,86900.0,57,good,4,512,0,0,48268.32
Xiaomi,phone,22,19700.0,25,poor,8,512,0,0,14013.79
Dell,laptop,24,42600.0,98,new,4,1024,0,1,33096.23
Asus,laptop,55,88000.0,24,poor,8,256,1,0,39278.61
Vivo,phone,55,13600.0,52,good,16,512,0,0,6384.81
HP,laptop,2,78100.0,92,new,32,1024,0,0,75450.84
Asus,laptop,2,120700.0,55,good,32,1024,1,0,117058.35
HP,laptop,47,72900.0,13,poor,8,1024,1,0,35042.49
HP,laptop,55,83400.0,41,fair,32,1024,1,0,40107.6
Dell,laptop,35,88200.0,58,good,32,256,1,0,57276.08
Apple,laptop,49,127500.0,15,poor,64,512,0,0,60368.2
Realme,phone,45,33100.0,30,fair,4,128,0,0,17593.41
MSI,laptop,40,123100.0,68,excellent,4,512,1,3,71758.23
HP,laptop,59,70400.0,47,good,32,512,1,0,31190.69
Asus,laptop,34,46600.0,77,excellent,4,1024,1,0,32006.48
Realme,phone,30,25600.0,94,new,6,128,1,0,20932.4
MSI,laptop,51,149200.0,32,fair,8,256,1,2,66902.47
Apple,laptop,8,184800.0,7,poor,64,1024,1,2,133352.51
HP,laptop,29,68800.0,17,poor,32,1024,0,0,44409.06
Vivo,phone,50,33200.0,26,fair,12,256,0,3,12353.56
Realme,phone,31,33300.0,59,good,32,64,1,0,24441.92
MSI,laptop,43,72900.0,32,fair,4,512,0,0,38132.81
HP,laptop,37,101900.0,99,new,8,512,0,0,70277.74
Samsung,phone,23,81300.0,37,fair,16,512,0,0,58268.75
Lenovo,laptop,45,84100.0,87,new,32,256,1,0,56317.84
Asus,laptop,10,103600.0,39,fair,8,1024,0,0,88055.1
OnePlus,phone,44,39500.0,6,poor,32,512,1,0,19742.38
Dell,laptop,34,107500.0,74,excellent,8,1024,0,0,74220.66
HP,laptop,2,74300.0,87,new,8,256,0,3,70742.66
Acer,laptop,43,58900.0,68,excellent,64,1024,1,0,35979.55
Apple,phone,48,123200.0,15,poor,12,512,1,1,57004.87
Realme,phone,54,15700.0,17,poor,32,128,1,0,6939.33
Apple,laptop,23,192500.0,52,good,8,256,0,1,137829.91
OnePlus,phone,31,27100.0,17,poor,32,256,0,0,15856.85
MSI,laptop,17,175900.0,28,fair,64,256,0,0,123142.44
Realme,phone,57,32900.0,13,poor,8,64,1,0,12893.88
Xiaomi,phone,42,17800.0,58,good,12,128,1,0,11283.86
Vivo,phone,35,21200.0,20,poor,8,128,1,0,12622.82
Asus,laptop,20,44000.0,5,poor,32,512,0,0,28775.39
MSI,laptop,43,152300.0,55,good,32,256,1,0,89908.87
Asus,laptop,11,44600.0,65,good,64,1024,1,0,40195.17
Apple,laptop,32,137600.0,78,excellent,16,256,0,0,95010.44
Apple,laptop,21,86800.0,54,good,32,512,0,0,64921.36
Realme,phone,30,22100.0,12,poor,16,128,1,0,14177.77
Dell,laptop,43,85000.0,87,new,64,1024,1,1,53660.07
Oppo,phone,35,24300.0,6,poor,4,256,1,0,14040.46
Asus,laptop,50,48600.0,80,excellent,16,1024,0,0,28523.46
Xiaomi,phone,49,12800.0,19,poor,32,64,0,0,5625.24
Vivo,phone,6,19400.0,99,new,4,128,1,0,18596.08
Xiaomi,phone,13,21200.0,57,good,8,64,1,0,17525.01
Lenovo,laptop,21,81900.0,6,poor,64,1024,0,1,52666.29
Dell,laptop,21,77500.0,51,good,8,1024,0,1,54996.19
Realme,phone,51,32700.0,62,good,16,128,1,0,17801.24
Dell,laptop,17,93300.0,14,poor,8,256,1,0,67500.22
OnePlus,phone,53,35200.0,86,new,4,256,0,0,18925.98
Vivo,phone,24,36900.0,45,fair,8,64,1,0,28354.13
Oppo,phone,27,11500.0,61,good,16,128,0,1,8346.69
Vivo,phone,33,12300.0,99,new,4,128,0,0,8965.51
Acer,laptop,56,51200.0,44,fair,8,256,0,0,22832.49
Oppo,phone,8,39300.0,70,excellent,6,256,0,0,37938.01
Vivo,phone,55,33500.0,85,excellent,32,256,1,2,17357.1
OnePlus,phone,17,53500.0,15,poor,4,256,0,0,38803.3
OnePlus,phone,29,55100.0,29,fair,32,128,1,1,34792.21
HP,laptop,41,65700.0,83,excellent,4,1024,1,0,44485.67
Dell,laptop,6,81800.0,13,poor,8,512,1,1,65580.87
Vivo,phone,54,12200.0,62,good,4,64,0,0,6002.03
Realme,phone,30,24500.0,12,poor,32,512,1,0,15014.86
Realme,phone,5,19100.0,70,excellent,4,128,0,0,18935.63
Realme,phone,17,11000.0,75,excellent,32,128,1,0,9498.72
Lenovo,laptop,41,99500.0,57,good,32,256,1,1,57161.8
Oppo,phone,51,44300.0,26,fair,8,64,0,0,20965.35
Lenovo,laptop,46,58300.0,39,fair,32,512,0,1,29566.84
HP,laptop,31,64900.0,87,new,32,1024,1,1,47509.22
Xiaomi,phone,54,20700.0,99,new,16,512,1,0,12235.22
Apple,laptop,33,139000.0,61,good,4,256,0,0,93500.03
HP,laptop,23,68900.0,86,new,32,1024,1,0,57240.78
Xiaomi,phone,37,24200.0,41,fair,12,128,1,0,15282.53
Samsung,phone,13,76200.0,100,new,6,64,1,0,73807.11
HP,laptop,15,38400.0,31,fair,32,256,1,0,31052.27
Vivo,phone,24,9800.0,20,poor,16,128,0,0,6496.62
Acer,laptop,59,33100.0,33,fair,32,512,0,0,14075.45
Lenovo,laptop,52,97300.0,24,poor,64,256,0,0,44795.09
HP,laptop,22,48100.0,32,fair,4,1024,0,0,34011.99
Dell,laptop,3,72900.0,46,good,16,512,1,1,67340.32
MSI,laptop,28,84100.0,49,good,16,256,1,1,55465.09
Realme,phone,20,25800.0,64,good,16,128,0,1,20249.16
Oppo,phone,46,44000.0,82,excellent,4,256,0,0,27265.3
MSI,laptop,43,86800.0,91,new,64,512,0,0,56815.03
Realme,phone,3,7500.0,61,good,32,512,1,2,6686.76
Oppo,phone,11,21500.0,74,excellent,8,64,1,0,19487.16
Asus,laptop,27,47400.0,98,new,16,1024,1,0,39876.6
Xiaomi,phone,49,38700.0,20,poor,6,256,1,0,18784.41
Lenovo,laptop,60,70700.0,46,good,16,1024,0,1,27504.34
Dell,laptop,10,65400.0,9,poor,8,256,0,0,52382.21
Acer,laptop,39,78800.0,20,poor,64,1024,1,0,43622.0
Vivo,phone,53,39400.0,70,excellent,8,256,0,0,21390.45
Apple,laptop,10,180100.0,88,new,4,256,0,0,161858.3
Samsung,phone,5,25500.0,86,new,12,64,0,0,25402.82
Asus,laptop,15,61300.0,9,poor,8,512,0,0,42112.97
OnePlus,phone,31,45600.0,67,excellent,8,128,0,0,31907.03
Vivo,phone,57,18700.0,14,poor,8,64,1,1,7271.52
Xiaomi,phone,58,25500.0,76,excellent,16,256,1,0,12767.44
OnePlus,phone,29,31500.0,19,poor,12,512,0,0,19865.9
Oppo,phone,4,34300.0,56,good,12,128,0,2,29381.16
Realme,phone,52,29500.0,20,poor,8,256,0,0,12822.6
Xiaomi,phone,15,10500.0,83,excellent,4,128,0,0,9309.8
Samsung,phone,47,61700.0,75,excellent,32,256,1,0,37415.99
Vivo,phone,30,17500.0,51,good,6,256,0,1,11360.93
Asus,laptop,39,68900.0,56,good,32,1024,1,0,45869.8
MSI,laptop,54,156100.0,66,excellent,32,256,0,0,77851.95
HP,laptop,49,56200.0,44,fair,64,512,0,0,30011.61
Acer,laptop,48,77100.0,13,poor,8,256,0,0,35424.61
Realme,phone,22,12800.0,8,poor,32,128,1,0,8293.48
HP,laptop,36,51800.0,22,poor,4,1024,0,2,25373.63
Asus,laptop,14,119000.0,11,poor,32,256,0,0,83761.12
MSI,laptop,57,131600.0,67,excellent,32,1024,0,0,64438.6
Oppo,phone,3,32100.0,24,poor,32,64,1,0,29003.12
Vivo,phone,55,16600.0,52,good,6,128,0,1,7689.05
Lenovo,laptop,23,83000.0,53,good,8,512,0,0,60984.93
Lenovo,laptop,56,85100.0,99,new,16,512,0,0,46412.67
Apple,phone,3,85300.0,59,good,12,512,1,1,82004.05
Asus,laptop,8,78800.0,84,excellent,32,512,0,0,76484.45
HP,laptop,3,61600.0,31,fair,4,512,0,0,55441.69
MSI,laptop,36,74600.0,64,good,32,512,0,0,49424.07
Realme,phone,38,29400.0,48,good,6,128,0,0,18050.72
Apple,laptop,55,167700.0,27,fair,32,1024,1,0,77922.99
Dell,laptop,38,73100.0,63,good,64,512,0,0,48511.15
Lenovo,laptop,55,94900.0,88,new,16,512,0,0,50666.5
Vivo,phone,27,15300.0,97,new,12,64,1,0,12853.08
OnePlus,phone,36,65200.0,100,new,12,64,0,0,47401.74
Samsung,phone,45,48800.0,21,poor,12,128,1,0,24430.56
Samsung,phone,48,22000.0,27,fair,32,512,0,3,8513.35
Samsung,phone,29,75400.0,42,fair,32,512,0,2,45048.41
Apple,laptop,16,131200.0,24,poor,64,1024,0,0,97871.68
Samsung,phone,29,88500.0,16,poor,12,128,0,0,56158.47
Vivo,phone,51,39300.0,11,poor,12,512,0,0,16650.02
HP,laptop,48,100500.0,59,good,8,512,1,0,56996.94
Acer,laptop,33,79100.0,43,fair,32,256,1,1,51131.83
Apple,laptop,29,101000.0,84,excellent,16,1024,1,0,74771.56
Asus,laptop,15,111400.0,70,excellent,64,512,1,0,99249.75
OnePlus,phone,1,26700.0,44,fair,8,512,1,2,24918.28
Apple,phone,5,55300.0,90,new,16,512,0,2,52679.71
Samsung,phone,5,95200.0,51,good,12,256,0,0,84231.46
Realme,phone,27,25000.0,48,good,16,64,1,0,17353.28
Dell,laptop,36,106600.0,42,fair,16,256,0,0,63692.75
Apple,laptop,46,183900.0,91,new,4,512,0,0,115400.02
OnePlus,phone,24,50200.0,20,poor,8,256,1,1,32319.83
Acer,laptop,26,55300.0,76,excellent,64,512,0,0,41118.79
HP,laptop,58,40200.0,80,excellent,8,512,1,0,20791.08
Apple,phone,24,72500.0,74,excellent,8,256,1,0,57465.85
Apple,laptop,54,184100.0,30,fair,4,512,1,0,88403.57
Vivo,phone,28,11500.0,64,good,6,128,0,0,8619.44
HP,laptop,35,90100.0,62,good,16,256,1,0,60461.19
Asus,laptop,42,83400.0,15,poor,4,256,1,0,44025.18
Xiaomi,phone,33,8200.0,85,excellent,32,512,1,0,6178.02
Lenovo,laptop,10,89000.0,9,poor,4,256,0,0,67936.96
Acer,laptop,30,44100.0,64,good,16,512,1,2,29963.99
Oppo,phone,23,31200.0,13,poor,4,128,1,1,20036.19
Apple,phone,12,93200.0,58,good,16,64,0,1,74494.64
Apple,laptop,2,183600.0,85,excellent,64,1024,1,1,190290.92
Vivo,phone,59,30900.0,45,fair,4,64,1,0,14668.04
Acer,laptop,17,36300.0,79,excellent,32,256,1,1,31224.96
Xiaomi,phone,33,23200.0,91,new,4,64,0,0,17022.26
Realme,phone,17,31900.0,98,new,6,64,0,0,27413.86
Dell,laptop,39,56600.0,24,poor,32,256,0,0,30049.54
Realme,phone,43,31600.0,74,excellent,8,256,0,1,19267.06
Asus,laptop,47,94300.0,97,new,4,512,0,1,58702.07
Dell,laptop,59,103200.0,35,fair,8,1024,0,0,42982.29
Oppo,phone,12,11900.0,44,fair,12,128,1,3,9151.46
Xiaomi,phone,20,20800.0,39,fair,4,128,0,0,14983.32
Xiaomi,phone,40,25700.0,80,excellent,6,512,1,1,17125.68
Lenovo,laptop,60,67400.0,51,good,4,1024,0,1,28335.12
Dell,laptop,22,56300.0,92,new,8,1024,1,1,43995.28
Asus,laptop,42,125300.0,88,new,16,1024,1,0,88216.75
MSI,laptop,53,146000.0,36,fair,16,512,1,1,65197.7
Asus,laptop,11,62000.0,45,fair,32,512,0,0,51787.72
Vivo,phone,57,18200.0,45,fair,4,64,1,0,8277.05
Samsung,phone,54,53500.0,11,poor,4,64,0,0,22568.96
Samsung,phone,19,22200.0,48,good,32,128,1,0,17062.42
Asus,laptop,55,38100.0,37,fair,32,256,0,1,15289.02
Dell,laptop,29,87600.0,13,poor,64,256,0,0,52584.85
Acer,laptop,55,77800.0,68,excellent,8,256,0,0,41125.37
Dell,laptop,14,48500.0,20,poor,4,1024,0,3,31854.92
Xiaomi,phone,18,21000.0,92,new,32,64,1,0,18614.34
Apple,phone,19,90700.0,47,good,8,256,1,1,68758.28
Xiaomi,phone,46,19400.0,51,good,6,512,0,0,10590.75
MSI,laptop,58,97900.0,55,good,4,1024,0,1,42272.18
Asus,laptop,49,64000.0,90,new,64,512,0,0,37173.6
Oppo,phone,9,17100.0,13,poor,12,64,0,0,13581.63
Oppo,phone,41,44600.0,80,excellent,12,256,0,0,28702.48
Dell,laptop,25,90800.0,47,good,4,512,1,3,60731.34
Dell,laptop,16,63600.0,53,good,8,1024,1,1,48862.03
Realme,phone,16,32300.0,18,poor,16,512,0,1,21596.49
Realme,phone,39,14600.0,21,poor,12,256,1,0,8035.53
Acer,laptop,36,31300.0,34,fair,8,1024,1,1,18537.85
OnePlus,phone,3,67400.0,48,good,4,512,0,0,63258.93
Samsung,phone,1,42600.0,53,good,12,512,0,0,42505.81
Realme,phone,10,18300.0,74,excellent,16,64,1,0,16587.0
Acer,laptop,29,64800.0,54,good,16,256,1,0,44341.72
MSI,laptop,48,74500.0,74,excellent,8,512,1,0,46038.22
Apple,phone,52,142700.0,24,poor,32,256,0,0,61946.26
OnePlus,phone,7,41000.0,32,fair,6,512,0,0,36062.77
Samsung,phone,36,95500.0,81,excellent,32,256,0,0,63002.19
Acer,laptop,46,60900.0,93,new,4,1024,1,0,41362.01
HP,laptop,2,102900.0,90,new,8,512,0,0,103991.15
Oppo,phone,38,36100.0,81,excellent,12,512,1,0,24683.03
MSI,laptop,30,92400.0,22,poor,16,256,1,1,54563.75
Apple,phone,21,148600.0,90,new,16,256,0,0,123570.96
Lenovo,laptop,11,53200.0,86,new,32,1024,0,1,47028.17
MSI,laptop,29,197600.0,56,good,8,512,1,0,146819.03
Apple,laptop,16,82600.0,27,fair,4,1024,1,0,60170.97
Apple,phone,55,70900.0,46,good,6,256,1,2,29497.4
Realme,phone,16,16600.0,47,good,6,256,1,1,13250.29
Dell,laptop,53,53300.0,5,poor,64,1024,1,0,22523.75
Oppo,phone,54,19400.0,13,poor,32,64,0,1,7673.59
Apple,phone,12,133100.0,88,new,32,128,0,1,117917.18
MSI,laptop,42,188200.0,8,poor,16,1024,0,2,85724.42
Realme,phone,17,18200.0,70,excellent,12,256,1,2,14427.77
Lenovo,laptop,24,62900.0,53,good,4,256,0,0,45388.25
Apple,laptop,8,154300.0,63,good,4,512,0,0,133719.74
Acer,laptop,38,32900.0,72,excellent,64,256,1,2,20296.8
Lenovo,laptop,15,73700.0,64,good,4,1024,1,0,63883.06
Lenovo,laptop,57,68000.0,14,poor,16,1024,1,1,25752.62
Lenovo,laptop,38,82700.0,6,poor,4,512,1,0,45580.49
Samsung,phone,55,46100.0,65,good,32,128,1,1,22516.97
Oppo,phone,52,37500.0,51,good,8,64,1,0,20300.49
Lenovo,laptop,37,46100.0,16,poor,64,1024,1,0,25468.52
Apple,phone,43,148800.0,18,poor,16,64,0,0,76095.06
Apple,phone,54,102000.0,29,fair,8,128,0,1,41770.68
Asus,laptop,38,48700.0,99,new,4,1024,0,0,34378.43
Vivo,phone,16,17800.0,87,new,6,512,1,0,16368.94
Acer,laptop,40,58000.0,68,excellent,4,256,1,0,36882.36
MSI,laptop,21,107700.0,69,excellent,32,512,1,1,86780.67
MSI,laptop,23,94500.0,63,good,16,512,0,2,64987.42
Acer,laptop,45,76800.0,34,fair,16,512,0,0,40124.29
Xiaomi,phone,30,22400.0,26,fair,6,512,0,0,14275.11
Asus,laptop,43,106100.0,46,good,32,512,0,1,55217.98
Xiaomi,phone,34,11300.0,73,excellent,12,256,1,1,8034.64
Samsung,phone,52,23900.0,11,poor,6,64,0,0,10368.3
HP,laptop,51,85300.0,46,good,4,256,0,0,41547.13
Apple,phone,52,84600.0,57,good,8,256,1,3,38384.22
HP,laptop,56,52500.0,84,excellent,16,1024,0,1,25250.26
Lenovo,laptop,46,87700.0,55,good,32,256,0,0,47681.92
Asus,laptop,56,107600.0,61,good,8,1024,0,0,50946.24
Apple,phone,13,113900.0,89,new,6,128,0,0,99036.66
Xiaomi,phone,54,18700.0,11,poor,16,128,0,2,6755.89
Asus,laptop,25,129400.0,87,new,16,1024,1,1,102015.91
Dell,laptop,8,89300.0,43,fair,32,512,0,2,68748.4
Dell,laptop,14,76600.0,58,good,64,512,1,0,67151.01
Apple,laptop,32,144400.0,88,new,64,1024,0,3,90935.75
Lenovo,laptop,23,71000.0,14,poor,64,256,1,0,50129.47
Apple,laptop,58,106600.0,94,new,32,1024,0,1,52765.51
Apple,laptop,17,187200.0,71,excellent,16,512,0,2,136346.7
Samsung,phone,53,39300.0,58,good,32,64,1,1,20350.55
Oppo,phone,53,22800.0,98,new,16,64,1,0,13280.94
Vivo,phone,40,24600.0,64,good,12,64,0,0,15713.45
Acer,laptop,42,62500.0,97,new,8,1024,1,0,45345.13
Vivo,phone,10,18000.0,98,new,6,128,0,0,16506.95
Vivo,phone,47,29600.0,67,excellent,12,256,0,0,16211.61
Vivo,phone,10,39400.0,7,poor,4,128,0,0,30355.03
Oppo,phone,35,30800.0,19,poor,4,256,0,0,17801.6
Oppo,phone,42,35000.0,44,fair,8,128,0,1,18773.82
Dell,laptop,38,38100.0,80,excellent,64,256,1,0,25540.77
Oppo,phone,3,19500.0,25,poor,6,64,1,0,17710.99
Xiaomi,phone,38,15200.0,36,fair,8,512,0,0,8865.76
Asus,laptop,10,115700.0,7,poor,64,256,0,0,87598.47
Samsung,phone,1,74700.0,53,good,32,128,1,0,77342.77
Apple,laptop,2,161000.0,57,good,8,256,1,0,161315.53
Apple,laptop,58,161200.0,22,poor,32,256,0,3,47989.01
Apple,phone,45,118300.0,44,fair,16,128,0,2,57562.52
Samsung,phone,41,22100.0,73,excellent,8,512,0,0,13311.81
Oppo,phone,16,30400.0,54,good,16,64,1,0,24971.02
OnePlus,phone,19,40400.0,47,good,12,256,1,0,32725.78
Apple,phone,12,131800.0,78,excellent,6,256,0,0,117285.3
Acer,laptop,21,88300.0,51,good,32,256,1,1,67915.24
Samsung,phone,8,31000.0,8,poor,16,256,0,0,24735.26
Dell,laptop,37,62800.0,93,new,16,256,1,2,40452.82
Realme,phone,14,32100.0,14,poor,12,512,1,2,22227.64
Samsung,phone,12,45000.0,80,excellent,6,64,0,0,39317.17
Samsung,phone,10,41300.0,30,fair,6,64,0,1,32055.64
Xiaomi,phone,34,25600.0,86,new,16,512,0,1,17062.18
OnePlus,phone,15,62800.0,89,new,6,256,1,0,58196.37
Apple,laptop,51,121400.0,95,new,8,1024,1,1,72561.28
Asus,laptop,1,88000.0,85,excellent,16,512,1,0,91327.58
Apple,laptop,41,123400.0,18,poor,32,512,1,1,61686.56
MSI,laptop,2,93400.0,90,new,4,1024,0,0,97880.91
Oppo,phone,30,25300.0,18,poor,4,64,0,0,14886.02
Asus,laptop,58,126700.0,64,good,4,1024,0,0,62071.02
Samsung,phone,44,89400.0,50,good,32,64,1,0,50410.6
Xiaomi,phone,44,20300.0,98,new,6,128,0,0,13547.28
Apple,laptop,49,161500.0,5,poor,4,512,0,0,70144.18
Samsung,phone,49,86300.0,39,fair,32,512,1,0,42814.85
Acer,laptop,1,34900.0,33,fair,64,1024,1,0,32528.73
Acer,laptop,4,70800.0,93,new,64,1024,0,0,70699.27
MSI,laptop,28,103800.0,73,excellent,16,512,0,0,78290.02
HP,laptop,55,44700.0,62,good,32,512,0,0,22427.74
Acer,laptop,55,73500.0,53,good,64,512,1,0,36462.91
Dell,laptop,12,78200.0,46,good,64,1024,0,0,62799.6
MSI,laptop,44,130700.0,50,good,16,512,0,0,74613.02
Dell,laptop,57,60000.0,99,new,8,512,1,1,32316.06
Realme,phone,39,12300.0,59,good,32,64,0,0,7539.22
Apple,phone,26,61800.0,89,new,12,256,0,0,50225.48
Apple,laptop,56,196400.0,60,good,16,256,0,1,90894.21
Realme,phone,25,28400.0,39,fair,12,64,0,0,19910.29
MSI,laptop,50,61000.0,99,new,4,256,1,1,37845.31
Apple,phone,46,119000.0,94,new,6,64,1,1,73630.73
Realme,phone,14,17700.0,94,new,8,64,1,3,14332.79
Acer,laptop,10,44600.0,57,good,16,512,0,1,36897.15
MSI,laptop,4,76200.0,21,poor,32,256,0,0,68240.88
Acer,laptop,37,88000.0,10,poor,64,512,0,0,45558.27
Apple,phone,13,99400.0,91,new,8,512,1,0,91003.37
Oppo,phone,33,30700.0,44,fair,32,256,0,0,19411.4
Asus,laptop,46,53500.0,63,good,16,256,1,0,30768.77
Samsung,phone,7,73800.0,67,excellent,32,512,0,1,67274.57
Apple,phone,56,57400.0,87,new,8,512,0,0,31273.57
Apple,phone,10,82900.0,89,new,6,256,1,0,76808.72
Xiaomi,phone,53,27900.0,43,fair,6,512,1,0,13225.13
Xiaomi,phone,16,35000.0,35,fair,4,128,1,0,27433.93
MSI,laptop,40,115800.0,7,poor,8,256,0,0,56853.01
Oppo,phone,18,38600.0,67,excellent,16,256,0,0,30322.7
Apple,laptop,27,194700.0,40,fair,4,512,1,0,138832.86
Asus,laptop,27,55700.0,100,new,8,256,1,2,40377.87
Xiaomi,phone,56,32700.0,48,good,12,64,0,1,14189.21
Apple,phone,40,81800.0,63,good,4,64,1,1,48009.83
Asus,laptop,35,41800.0,31,fair,32,1024,0,0,25667.3
MSI,laptop,4,153000.0,70,excellent,16,1024,0,1,143342.92
Oppo,phone,18,27300.0,65,good,32,512,0,1,20438.67
MSI,laptop,44,180000.0,33,fair,8,512,0,1,93410.06
Apple,laptop,27,184000.0,88,new,64,1024,1,0,148657.47
Samsung,phone,58,43200.0,82,excellent,12,64,1,0,23787.68
Xiaomi,phone,14,21200.0,40,fair,8,64,0,0,16842.04
HP,laptop,51,78200.0,77,excellent,32,512,0,1,41969.34
Lenovo,laptop,48,79700.0,11,poor,8,512,1,0,38204.15
Apple,laptop,52,133500.0,87,new,4,512,1,0,80226.31
Vivo,phone,14,36700.0,18,poor,32,128,0,0,26021.3
Dell,laptop,31,86800.0,63,good,8,1024,0,0,59017.48
Apple,phone,49,110300.0,30,fair,8,512,1,0,57163.15
OnePlus,phone,30,74100.0,50,good,4,256,0,3,44454.45
HP,laptop,45,107500.0,91,new,4,1024,1,0,68768.01
Acer,laptop,23,51800.0,73,excellent,32,256,0,0,42268.5
Apple,laptop,53,161900.0,6,poor,16,512,1,2,59043.13
Apple,phone,5,101600.0,30,fair,32,128,0,0,86674.93
MSI,laptop,11,80900.0,18,poor,16,256,0,1,58072.97
Apple,phone,11,50500.0,81,excellent,4,256,0,3,42492.92
Acer,laptop,25,57600.0,89,new,64,1024,1,1,43506.5
Apple,phone,20,119100.0,17,poor,12,512,1,1,77392.64
Vivo,phone,38,13100.0,37,fair,8,512,1,0,7918.18
Xiaomi,phone,12,21300.0,100,new,32,128,1,0,20830.98
Xiaomi,phone,31,24700.0,34,fair,4,128,0,1,15269.15
Apple,phone,8,82100.0,41,fair,6,64,1,0,74176.39
Samsung,phone,14,69700.0,7,poor,12,128,1,3,43149.44
Realme,phone,16,8000.0,74,excellent,32,512,0,0,6614.49
Apple,laptop,49,93300.0,100,new,8,512,1,0,62284.84
Vivo,phone,33,12400.0,56,good,8,256,0,0,8524.74
Lenovo,laptop,58,41500.0,79,excellent,8,1024,0,0,21078.2
Realme,phone,53,31000.0,76,excellent,16,64,1,0,17840.06
Oppo,phone,49,29900.0,25,poor,16,64,1,0,14328.27
Vivo,phone,26,29700.0,56,good,32,512,0,0,21490.49
Apple,laptop,57,115700.0,15,poor,8,1024,1,2,38713.21
Realme,phone,36,32400.0,100,new,6,256,0,1,23036.91
Realme,phone,20,25500.0,72,excellent,16,128,0,1,20459.4
Dell,laptop,36,82500.0,78,excellent,64,512,1,2,53040.28
OnePlus,phone,12,75800.0,95,new,12,64,1,0,73283.56
OnePlus,phone,52,61700.0,22,poor,16,128,1,0,29828.71
Asus,laptop,60,64800.0,10,poor,16,512,0,1,21302.64
OnePlus,phone,20,62300.0,99,new,6,256,1,1,53351.89
Vivo,phone,10,15100.0,88,new,4,128,1,0,14970.65
MSI,laptop,17,90100.0,83,excellent,32,256,1,0,81815.96
HP,laptop,59,55400.0,59,good,64,256,0,0,26745.52
Vivo,phone,60,10100.0,54,good,12,512,1,0,4749.67
Vivo,phone,30,17600.0,82,excellent,4,256,1,0,13983.7
Apple,phone,24,70300.0,19,poor,16,512,0,1,42298.32
Dell,laptop,47,56800.0,96,new,16,256,1,2,34583.83
Apple,phone,10,84300.0,76,excellent,8,512,1,0,79492.23
Acer,laptop,55,31500.0,64,good,8,256,0,0,16521.75
Realme,phone,13,33600.0,14,poor,12,256,0,2,22496.41
Samsung,phone,18,95600.0,74,excellent,4,128,0,1,78593.7
Vivo,phone,56,27300.0,25,poor,12,128,0,1,10588.95
OnePlus,phone,42,55500.0,47,good,32,64,0,0,30346.55
Realme,phone,30,34800.0,51,good,6,64,0,1,22358.94
Xiaomi,phone,40,26700.0,24,poor,12,128,0,1,13369.82
Asus,laptop,36,112300.0,92,new,4,256,0,0,81355.03
Asus,laptop,51,61200.0,19,poor,8,512,1,3,22526.34
Acer,laptop,21,88900.0,77,excellent,8,1024,1,0,70479.45
Oppo,phone,40,36200.0,91,new,6,64,1,2,22029.23
Vivo,phone,5,32800.0,56,good,16,64,1,1,29938.27
Realme,phone,39,31800.0,44,fair,16,512,1,0,19268.68
Asus,laptop,1,89700.0,57,good,16,256,1,0,89577.76
HP,laptop,52,67500.0,69,excellent,64,256,0,0,37783.98
Dell,laptop,45,72200.0,95,new,4,512,0,1,45394.33
Asus,laptop,16,125800.0,10,poor,32,256,1,0,87730.46
HP,laptop,32,52700.0,41,fair,16,512,1,0,33554.55
Lenovo,laptop,8,88400.0,41,fair,16,512,0,0,79116.86
Acer,laptop,60,70700.0,14,poor,8,512,0,0,25133.02
Apple,laptop,11,181400.0,100,new,4,1024,0,0,171121.72
MSI,laptop,26,182900.0,21,poor,64,256,0,0,122237.57
MSI,laptop,34,170800.0,65,good,8,256,1,0,120881.92
Apple,phone,53,98900.0,23,poor,4,128,0,0,43583.6
Apple,laptop,39,82900.0,58,good,16,256,1,0,53997.67
Oppo,phone,14,27500.0,96,new,16,512,1,1,24744.55
Samsung,phone,6,69300.0,44,fair,8,128,1,1,64513.1
HP,laptop,32,38900.0,24,poor,32,512,1,0,25560.23
Samsung,phone,17,81100.0,67,excellent,32,256,1,0,68458.73
Apple,phone,56,66800.0,32,fair,12,256,0,0,28429.38
Apple,laptop,8,137500.0,46,good,8,256,1,0,117153.62
Asus,laptop,25,105700.0,96,new,4,1024,1,0,83524.68
Apple,phone,10,135600.0,99,new,12,512,1,0,135813.91
Apple,laptop,38,130000.0,85,excellent,32,512,0,0,90480.73
Samsung,phone,39,29900.0,72,excellent,6,128,0,0,20154.83
HP,laptop,19,50500.0,48,good,32,1024,0,0,37873.47
Acer,laptop,33,41900.0,10,poor,8,1024,1,0,25307.2
Lenovo,laptop,46,99700.0,87,new,8,512,1,0,64714.71
Asus,laptop,29,66900.0,46,good,32,256,1,0,45293.76
Lenovo,laptop,49,59600.0,41,fair,16,256,0,2,26722.76
HP,laptop,17,103100.0,32,fair,4,512,0,0,75688.07
Dell,laptop,25,65600.0,15,poor,4,1024,1,0,43664.21
Oppo,phone,37,15300.0,14,poor,16,512,1,0,8876.84
Acer,laptop,14,53200.0,49,good,8,512,0,0,43021.02
Apple,laptop,33,135300.0,27,fair,32,1024,1,0,88013.23
Acer,laptop,56,34100.0,17,poor,16,256,0,0,13028.4
Xiaomi,phone,27,18200.0,24,poor,8,256,1,0,12237.64
OnePlus,phone,53,25200.0,63,good,16,512,1,0,13986.35
MSI,laptop,47,184800.0,59,good,16,512,0,0,100235.7
MSI,laptop,52,111300.0,64,good,64,1024,0,1,53643.0
Asus,laptop,44,128100.0,73,excellent,16,512,1,0,80924.02
MSI,laptop,34,82000.0,86,new,64,512,0,0,59760.61
Apple,laptop,33,140200.0,71,excellent,8,512,0,0,97076.79
Oppo,phone,32,39300.0,86,new,32,128,0,0,29594.82
Lenovo,laptop,11,88600.0,28,fair,16,1024,1,0,69201.84
Asus,laptop,11,114900.0,32,fair,8,512,1,0,89476.31
Vivo,phone,41,10700.0,39,fair,16,256,1,0,6130.11
Dell,laptop,7,54200.0,40,fair,32,512,0,1,45753.37
HP,laptop,21,70200.0,91,new,64,256,0,0,56802.29
Apple,phone,45,122700.0,74,excellent,12,128,1,0,76696.75
Asus,laptop,22,104200.0,52,good,32,256,0,2,71414.52
OnePlus,phone,29,61800.0,55,good,32,256,1,1,43923.57
Realme,phone,14,21700.0,5,poor,12,64,0,1,14897.43
Asus,laptop,12,109700.0,73,excellent,8,1024,1,0,100697.83
Asus,laptop,33,42700.0,57,good,16,1024,1,1,27860.26
MSI,laptop,13,87400.0,87,new,16,512,0,0,75558.8
Apple,phone,36,57800.0,45,fair,6,64,1,0,37636.6
Oppo,phone,23,13900.0,5,poor,6,128,1,0,9371.01
Oppo,phone,40,37800.0,72,excellent,8,64,1,0,24593.78
Xiaomi,phone,22,29500.0,11,poor,12,64,0,2,17715.89
Acer,laptop,34,42600.0,27,fair,8,256,0,0,25930.15
Vivo,phone,32,33500.0,73,excellent,32,128,0,2,20601.35
Lenovo,laptop,11,78700.0,42,fair,4,1024,0,0,62910.28
Realme,phone,18,14600.0,84,excellent,12,64,0,0,11905.61
HP,laptop,10,87700.0,52,good,32,1024,1,0,79683.85
Asus,laptop,31,63800.0,58,good,4,256,0,0,41478.81
Oppo,phone,50,31600.0,97,new,4,512,1,0,20803.79
OnePlus,phone,26,77000.0,100,new,4,64,0,1,61276.75
Asus,laptop,28,55000.0,34,fair,64,512,0,0,37602.03
Apple,phone,51,71600.0,95,new,32,64,1,1,40641.48
Dell,laptop,29,99900.0,15,poor,16,256,0,1,60633.38
Vivo,phone,57,39900.0,5,poor,16,512,1,0,15164.44
Dell,laptop,42,116500.0,26,fair,32,1024,1,0,64738.35
Acer,laptop,20,33300.0,26,fair,64,1024,0,0,23353.18
HP,laptop,11,104600.0,94,new,16,1024,0,0,94140.69
Dell,laptop,26,81700.0,64,good,4,1024,1,1,57843.07
Dell,laptop,47,37100.0,12,poor,4,256,1,0,17713.12
Lenovo,laptop,24,86100.0,67,excellent,32,256,0,1,61616.47
MSI,laptop,41,68300.0,8,poor,32,256,0,0,34894.62
Apple,phone,12,86300.0,66,excellent,4,64,0,0,73528.51
Xiaomi,phone,21,16300.0,95,new,8,64,1,1,13371.9
HP,laptop,32,37500.0,73,excellent,64,256,1,0,28035.75
Apple,phone,12,89900.0,60,good,16,64,0,0,72860.81
Acer,laptop,6,54600.0,55,good,32,1024,1,0,51194.25
Xiaomi,phone,30,25900.0,22,poor,12,512,0,1,15618.24
Xiaomi,phone,26,11600.0,84,excellent,8,512,0,2,8086.85
Lenovo,laptop,26,68300.0,50,good,64,512,1,2,46060.65
Dell,laptop,31,56300.0,63,good,4,256,0,1,38593.77
Realme,phone,37,9100.0,71,excellent,12,64,1,0,6452.52
Asus,laptop,46,118000.0,86,new,4,512,1,0,72316.22
Samsung,phone,60,21900.0,96,new,16,128,1,0,11670.71
OnePlus,phone,49,42800.0,38,fair,4,128,0,0,21085.68
OnePlus,phone,46,59100.0,8,poor,16,512,1,1,26733.04
Apple,laptop,55,172900.0,89,new,8,1024,0,2,82986.09
Lenovo,laptop,47,52600.0,72,excellent,8,512,0,0,30252.19
Vivo,phone,50,29700.0,47,good,4,512,1,0,15478.62
